 ,F,o,r, ,I, ,k,n,o,w, ,t,h,e, ,p,l,a,n,s, ,I, ,h,a,v,e, ,f,o,r, ,y,o,u,",", ,d,e,c,l,a,r,e,s, ,t,h,e, ,L,O,R,D,",", ,p,l,a,n,s, ,t,o, ,p,r,o,s,p,e,r, ,y,o,u, ,a,n,d, ,n,o,t, ,t,o, ,h,a,r,m, ,y,o,u,",", ,p,l,a,n,s, ,t,o, ,g,i,v,e, ,y,o,u, ,h,o,p,e, ,a,n,d, ,a, ,f,u,t,u,r,e,.
O,n,e, ,t,h,i,n,g, ,I, ,a,s,k, ,f,r,o,m, ,t,h,e, ,L,O,R,D,",", ,t,h,i,s, ,o,n,l,y, ,d,o, ,I, ,s,e,e,k,:, ,t,h,a,t, ,I, ,m,a,y, ,d,w,e,l,l, ,i,n, ,t,h,e, ,h,o,u,s,e, ,o,f, ,t,h,e, ,L,O,R,D, ,a,l,l, ,t,h,e, ,d,a,y,s, ,o,f, ,m,y, ,l,i,f,e,",", ,t,o, ,g,a,z,e, ,o,n, ,t,h,e, ,b,e,a,u,t,y, ,o,f, ,t,h,e, ,L,O,R,D, ,a,n,d, ,t,o, ,s,e,e,k, ,h,i,m, ,i,n, ,h,i,s, ,t,e,m,p,l,e,.
T,a,s,t,e, ,a,n,d, ,s,e,e, ,t,h,a,t, ,t,h,e, ,L,O,R,D, ,i,s, ,g,o,o,d,;, ,b,l,e,s,s,e,d, ,i,s, ,t,h,e, ,o,n,e, ,w,h,o, ,t,a,k,e,s, ,r,e,f,u,g,e, ,i,n, ,h,i,m,.
 ,A, ,f,r,i,e,n,d, ,l,o,v,e,s, ,a,t, ,a,l,l, ,t,i,m,e,s,",", ,a,n,d, ,a, ,b,r,o,t,h,e,r, ,i,s, ,b,o,r,n, ,f,o,r, ,a, ,t,i,m,e, ,o,f, ,a,d,v,e,r,s,i,t,y,.
 ,D,o, ,y,o,u, ,n,o,t, ,k,n,o,w,?, ,H,a,v,e, ,y,o,u, ,n,o,t, ,h,e,a,r,d,?, ,T,h,e, ,L,O,R,D, ,i,s, ,t,h,e, ,e,v,e,r,l,a,s,t,i,n,g, ,G,o,d,",", ,t,h,e, ,C,r,e,a,t,o,r, ,o,f, ,t,h,e, ,e,n,d,s, ,o,f, ,t,h,e, ,e,a,r,t,h,., ,H,e, ,w,i,l,l, ,n,o,t, ,g,r,o,w, ,t,i,r,e,d, ,o,r, ,w,e,a,r,y,",", ,a,n,d, ,h,i,s, ,u,n,d,e,r,s,t,a,n,d,i,n,g, ,n,o, ,o,n,e, ,c,a,n, ,f,a,t,h,o,m,.
 ,H,e, ,g,i,v,e,s, ,s,t,r,e,n,g,t,h, ,t,o, ,t,h,e, ,w,e,a,r,y, ,a,n,d, ,i,n,c,r,e,a,s,e,s, ,t,h,e, ,p,o,w,e,r, ,o,f, ,t,h,e, ,w,e,a,k,.
 ,E,v,e,n, ,y,o,u,t,h,s, ,g,r,o,w, ,t,i,r,e,d, ,a,n,d, ,w,e,a,r,y,",", ,a,n,d, ,y,o,u,n,g, ,m,e,n, ,s,t,u,m,b,l,e, ,a,n,d, ,f,a,l,l,;
 ,b,u,t, ,t,h,o,s,e, ,w,h,o, ,h,o,p,e, ,i,n, ,t,h,e, ,L,O,R,D, ,w,i,l,l, ,r,e,n,e,w, ,t,h,e,i,r, ,s,t,r,e,n,g,t,h,., ,T,h,e,y, ,w,i,l,l, ,s,o,a,r, ,o,n, ,w,i,n,g,s, ,l,i,k,e, ,e,a,g,l,e,s,;, ,t,h,e,y, ,w,i,l,l, ,r,u,n, ,a,n,d, ,n,o,t, ,g,r,o,w, ,w,e,a,r,y,",", ,t,h,e,y, ,w,i,l,l, ,w,a,l,k, ,a,n,d, ,n,o,t, ,b,e, ,f,a,i,n,t,.
 ,G,r,e,a,t,e,r, ,l,o,v,e, ,h,a,s, ,n,o, ,o,n,e, ,t,h,a,n, ,t,h,i,s,:, ,t,o, ,l,a,y, ,d,o,w,n, ,o,n,e,s, ,l,i,f,e, ,f,o,r, ,o,n,e,s, ,f,r,i,e,n,d,s,.
 ,A,n,d, ,w,e, ,k,n,o,w, ,t,h,a,t, ,i,n, ,a,l,l, ,t,h,i,n,g,s, ,G,o,d, ,w,o,r,k,s, ,f,o,r, ,t,h,e, ,g,o,o,d, ,o,f, ,t,h,o,s,e, ,w,h,o, ,l,o,v,e, ,h,i,m,",", ,w,h,o, ,h,a,v,e, ,b,e,e,n, ,c,a,l,l,e,d, ,a,c,c,o,r,d,i,n,g, ,t,o, ,h,i,s, ,p,u,r,p,o,s,e,.
 ,W,h,a,t,",", ,t,h,e,n,",", ,s,h,a,l,l, ,w,e, ,s,a,y, ,i,n, ,r,e,s,p,o,n,s,e, ,t,o, ,t,h,e,s,e, ,t,h,i,n,g,s,?, ,I,f, ,G,o,d, ,i,s, ,f,o,r, ,u,s,",", ,w,h,o, ,c,a,n, ,b,e, ,a,g,a,i,n,s,t, ,u,s,?
 ,M,a,y, ,t,h,e, ,G,o,d, ,o,f, ,h,o,p,e, ,f,i,l,l, ,y,o,u, ,w,i,t,h, ,a,l,l, ,j,o,y, ,a,n,d, ,p,e,a,c,e, ,a,s, ,y,o,u, ,t,r,u,s,t, ,i,n, ,h,i,m,",", ,s,o, ,t,h,a,t, ,y,o,u, ,m,a,y, ,o,v,e,r,f,l,o,w, ,w,i,t,h, ,h,o,p,e, ,b,y, ,t,h,e, ,p,o,w,e,r, ,o,f, ,t,h,e, ,H,o,l,y, ,S,p,i,r,i,t,.
 ,F,o,r, ,I, ,a,m, ,c,o,n,v,i,n,c,e,d, ,t,h,a,t, ,n,e,i,t,h,e,r, ,d,e,a,t,h, ,n,o,r, ,l,i,f,e,",", ,n,e,i,t,h,e,r, ,a,n,g,e,l,s, ,n,o,r, ,d,e,m,o,n,s,",", ,n,e,i,t,h,e,r, ,t,h,e, ,p,r,e,s,e,n,t, ,n,o,r, ,t,h,e, ,f,u,t,u,r,e,",", ,n,o,r, ,a,n,y, ,p,o,w,e,r,s,","
 ,n,e,i,t,h,e,r, ,h,e,i,g,h,t, ,n,o,r, ,d,e,p,t,h,",", ,n,o,r, ,a,n,y,t,h,i,n,g, ,e,l,s,e, ,i,n, ,a,l,l, ,c,r,e,a,t,i,o,n,",", ,w,i,l,l, ,b,e, ,a,b,l,e, ,t,o, ,s,e,p,a,r,a,t,e, ,u,s, ,f,r,o,m, ,t,h,e, ,l,o,v,e, ,o,f, ,G,o,d, ,t,h,a,t, ,i,s, ,i,n, ,C,h,r,i,s,t, ,J,e,s,u,s, ,o,u,r, ,L,o,r,d,.
 ,F,o,r, ,n,o,w, ,w,e, ,s,e,e, ,o,n,l,y, ,a, ,r,e,f,l,e,c,t,i,o,n, ,a,s, ,i,n, ,a, ,m,i,r,r,o,r,;, ,t,h,e,n, ,w,e, ,s,h,a,l,l, ,s,e,e, ,f,a,c,e, ,t,o, ,f,a,c,e,., ,N,o,w, ,I, ,k,n,o,w, ,i,n, ,p,a,r,t,;, ,t,h,e,n, ,I, ,s,h,a,l,l, ,k,n,o,w, ,f,u,l,l,y,",", ,e,v,e,n, ,a,s, ,I, ,a,m, ,f,u,l,l,y, ,k,n,o,w,n,.
 ,B,e,c,a,u,s,e, ,o,f, ,t,h,e, ,L,O,R,D,s, ,g,r,e,a,t, ,l,o,v,e, ,w,e, ,a,r,e, ,n,o,t, ,c,o,n,s,u,m,e,d,",", ,f,o,r, ,h,i,s, ,c,o,m,p,a,s,s,i,o,n,s, ,n,e,v,e,r, ,f,a,i,l,.
 ,T,h,e,y, ,a,r,e, ,n,e,w, ,e,v,e,r,y, ,m,o,r,n,i,n,g,;, ,g,r,e,a,t, ,i,s, ,y,o,u,r, ,f,a,i,t,h,f,u,l,n,e,s,s,.
 ,T,h,e,r,e,f,o,r,e, ,w,e, ,d,o, ,n,o,t, ,l,o,s,e, ,h,e,a,r,t,., ,T,h,o,u,g,h, ,o,u,t,w,a,r,d,l,y, ,w,e, ,a,r,e, ,w,a,s,t,i,n,g, ,a,w,a,y,",", ,y,e,t, ,i,n,w,a,r,d,l,y, ,w,e, ,a,r,e, ,b,e,i,n,g, ,r,e,n,e,w,e,d, ,d,a,y, ,b,y, ,d,a,y,.
 ,F,o,r, ,o,u,r, ,l,i,g,h,t, ,a,n,d, ,m,o,m,e,n,t,a,r,y, ,t,r,o,u,b,l,e,s, ,a,r,e, ,a,c,h,i,e,v,i,n,g, ,f,o,r, ,u,s, ,a,n, ,e,t,e,r,n,a,l, ,g,l,o,r,y, ,t,h,a,t, ,f,a,r, ,o,u,t,w,e,i,g,h,s, ,t,h,e,m, ,a,l,l,.
 ,S,o, ,w,e, ,f,i,x, ,o,u,r, ,e,y,e,s, ,n,o,t, ,o,n, ,w,h,a,t, ,i,s, ,s,e,e,n,",", ,b,u,t, ,o,n, ,w,h,a,t, ,i,s, ,u,n,s,e,e,n,",", ,s,i,n,c,e, ,w,h,a,t, ,i,s, ,s,e,e,n, ,i,s, ,t,e,m,p,o,r,a,r,y,",", ,b,u,t, ,w,h,a,t, ,i,s, ,u,n,s,e,e,n, ,i,s, ,e,t,e,r,n,a,l,.
 ,B,e, ,o,n, ,y,o,u,r, ,g,u,a,r,d,;, ,s,t,a,n,d, ,f,i,r,m, ,i,n, ,t,h,e, ,f,a,i,t,h,;, ,b,e, ,c,o,u,r,a,g,e,o,u,s,;, ,b,e, ,s,t,r,o,n,g,.
B,u,t, ,w,h,a,t,e,v,e,r, ,w,e,r,e, ,g,a,i,n,s, ,t,o, ,m,e, ,I, ,n,o,w, ,c,o,n,s,i,d,e,r, ,l,o,s,s, ,f,o,r, ,t,h,e, ,s,a,k,e, ,o,f, ,C,h,r,i,s,t,.
W,h,a,t, ,i,s, ,m,o,r,e,",", ,I, ,c,o,n,s,i,d,e,r, ,e,v,e,r,y,t,h,i,n,g, ,a, ,l,o,s,s, ,b,e,c,a,u,s,e, ,o,f, ,t,h,e, ,s,u,r,p,a,s,s,i,n,g, ,w,o,r,t,h, ,o,f, ,k,n,o,w,i,n,g, ,C,h,r,i,s,t, ,J,e,s,u,s, ,m,y, ,L,o,r,d,",", ,f,o,r, ,w,h,o,s,e, ,s,a,k,e, ,I, ,h,a,v,e, ,l,o,s,t, ,a,l,l, ,t,h,i,n,g,s,., ,I, ,c,o,n,s,i,d,e,r, ,t,h,e,m, ,g,a,r,b,a,g,e,",", ,t,h,a,t, ,I, ,m,a,y, ,g,a,i,n, ,C,h,r,i,s,t
a,n,d, ,b,e, ,f,o,u,n,d, ,i,n, ,h,i,m,",", ,n,o,t, ,h,a,v,i,n,g, ,a, ,r,i,g,h,t,e,o,u,s,n,e,s,s, ,o,f, ,m,y, ,o,w,n, ,t,h,a,t, ,c,o,m,e,s, ,f,r,o,m, ,t,h,e, ,l,a,w,",", ,b,u,t, ,t,h,a,t, ,w,h,i,c,h, ,i,s, ,t,h,r,o,u,g,h, ,f,a,i,t,h, ,i,n, ,C,h,r,i,s,t,t,h,e, ,r,i,g,h,t,e,o,u,s,n,e,s,s, ,t,h,a,t, ,c,o,m,e,s, ,f,r,o,m, ,G,o,d, ,o,n, ,t,h,e, ,b,a,s,i,s, ,o,f, ,f,a,i,t,h,.
 ,s,o, ,t,h,a,t, ,C,h,r,i,s,t, ,m,a,y, ,d,w,e,l,l, ,i,n, ,y,o,u,r, ,h,e,a,r,t,s, ,t,h,r,o,u,g,h, ,f,a,i,t,h,., ,A,n,d, ,I, ,p,r,a,y, ,t,h,a,t, ,y,o,u,",", ,b,e,i,n,g, ,r,o,o,t,e,d, ,a,n,d, ,e,s,t,a,b,l,i,s,h,e,d, ,i,n, ,l,o,v,e,","
 ,m,a,y, ,h,a,v,e, ,p,o,w,e,r,",", ,t,o,g,e,t,h,e,r, ,w,i,t,h, ,a,l,l, ,t,h,e, ,L,o,r,d,s, ,h,o,l,y, ,p,e,o,p,l,e,",", ,t,o, ,g,r,a,s,p, ,h,o,w, ,w,i,d,e, ,a,n,d, ,l,o,n,g, ,a,n,d, ,h,i,g,h, ,a,n,d, ,d,e,e,p, ,i,s, ,t,h,e, ,l,o,v,e, ,o,f, ,C,h,r,i,s,t,","
 ,a,n,d, ,t,o, ,k,n,o,w, ,t,h,i,s, ,l,o,v,e, ,t,h,a,t, ,s,u,r,p,a,s,s,e,s, ,k,n,o,w,l,e,d,g,e,t,h,a,t, ,y,o,u, ,m,a,y, ,b,e, ,f,i,l,l,e,d, ,t,o, ,t,h,e, ,m,e,a,s,u,r,e, ,o,f, ,a,l,l, ,t,h,e, ,f,u,l,l,n,e,s,s, ,o,f, ,G,o,d,.
 ,N,o,w, ,t,o, ,h,i,m, ,w,h,o, ,i,s, ,a,b,l,e, ,t,o, ,d,o, ,i,m,m,e,a,s,u,r,a,b,l,y, ,m,o,r,e, ,t,h,a,n, ,a,l,l, ,w,e, ,a,s,k, ,o,r, ,i,m,a,g,i,n,e,",", ,a,c,c,o,r,d,i,n,g, ,t,o, ,h,i,s, ,p,o,w,e,r, ,t,h,a,t, ,i,s, ,a,t, ,w,o,r,k, ,w,i,t,h,i,n, ,u,s,","
 ,t,o, ,h,i,m, ,b,e, ,g,l,o,r,y, ,i,n, ,t,h,e, ,c,h,u,r,c,h, ,a,n,d, ,i,n, ,C,h,r,i,s,t, ,J,e,s,u,s, ,t,h,r,o,u,g,h,o,u,t, ,a,l,l, ,g,e,n,e,r,a,t,i,o,n,s,",", ,f,o,r, ,e,v,e,r, ,a,n,d, ,e,v,e,r,!, ,A,m,e,n,.
 ,a,n,d, ,r,e,c,e,i,v,e, ,f,r,o,m, ,h,i,m, ,a,n,y,t,h,i,n,g, ,w,e, ,a,s,k,",", ,b,e,c,a,u,s,e, ,w,e, ,k,e,e,p, ,h,i,s, ,c,o,m,m,a,n,d,s, ,a,n,d, ,d,o, ,w,h,a,t, ,p,l,e,a,s,e,s, ,h,i,m,.
S,e,e, ,w,h,a,t, ,g,r,e,a,t, ,l,o,v,e, ,t,h,e, ,F,a,t,h,e,r, ,h,a,s, ,l,a,v,i,s,h,e,d, ,o,n, ,u,s,",", ,t,h,a,t, ,w,e, ,s,h,o,u,l,d, ,b,e, ,c,a,l,l,e,d, ,c,h,i,l,d,r,e,n, ,o,f, ,G,o,d,!, ,A,n,d, ,t,h,a,t, ,i,s, ,w,h,a,t, ,w,e, ,a,r,e,!, ,T,h,e, ,r,e,a,s,o,n, ,t,h,e, ,w,o,r,l,d, ,d,o,e,s, ,n,o,t, ,k,n,o,w, ,u,s, ,i,s, ,t,h,a,t, ,i,t, ,d,i,d, ,n,o,t, ,k,n,o,w, ,h,i,m,.
D,e,a,r, ,f,r,i,e,n,d,s,",", ,n,o,w, ,w,e, ,a,r,e, ,c,h,i,l,d,r,e,n, ,o,f, ,G,o,d,",", ,a,n,d, ,w,h,a,t, ,w,e, ,w,i,l,l, ,b,e, ,h,a,s, ,n,o,t, ,y,e,t, ,b,e,e,n, ,m,a,d,e, ,k,n,o,w,n,., ,B,u,t, ,w,e, ,k,n,o,w, ,t,h,a,t, ,w,h,e,n, ,C,h,r,i,s,t, ,a,p,p,e,a,r,s,",", ,w,e, ,s,h,a,l,l, ,b,e, ,l,i,k,e, ,h,i,m,",", ,f,o,r, ,w,e, ,s,h,a,l,l, ,s,e,e, ,h,i,m, ,a,s, ,h,e, ,i,s,.
A,l,l, ,w,h,o, ,h,a,v,e, ,t,h,i,s, ,h,o,p,e, ,i,n, ,h,i,m, ,p,u,r,i,f,y, ,t,h,e,m,s,e,l,v,e,s,",", ,j,u,s,t, ,a,s, ,h,e, ,i,s, ,p,u,r,e,.
 ,T,h,e,r,e,f,o,r,e,",", ,b,r,o,t,h,e,r,s, ,a,n,d, ,s,i,s,t,e,r,s,",", ,s,i,n,c,e, ,w,e, ,h,a,v,e, ,c,o,n,f,i,d,e,n,c,e, ,t,o, ,e,n,t,e,r, ,t,h,e, ,M,o,s,t, ,H,o,l,y, ,P,l,a,c,e, ,b,y, ,t,h,e, ,b,l,o,o,d, ,o,f, ,J,e,s,u,s,","
 ,b,y, ,a, ,n,e,w, ,a,n,d, ,l,i,v,i,n,g, ,w,a,y, ,o,p,e,n,e,d, ,f,o,r, ,u,s, ,t,h,r,o,u,g,h, ,t,h,e, ,c,u,r,t,a,i,n,",", ,t,h,a,t, ,i,s,",", ,h,i,s, ,b,o,d,y,","
 ,a,n,d, ,s,i,n,c,e, ,w,e, ,h,a,v,e, ,a, ,g,r,e,a,t, ,p,r,i,e,s,t, ,o,v,e,r, ,t,h,e, ,h,o,u,s,e, ,o,f, ,G,o,d,","
 ,l,e,t, ,u,s, ,d,r,a,w, ,n,e,a,r, ,t,o, ,G,o,d, ,w,i,t,h, ,a, ,s,i,n,c,e,r,e, ,h,e,a,r,t, ,a,n,d, ,w,i,t,h, ,t,h,e, ,f,u,l,l, ,a,s,s,u,r,a,n,c,e, ,t,h,a,t, ,f,a,i,t,h, ,b,r,i,n,g,s,",", ,h,a,v,i,n,g, ,o,u,r, ,h,e,a,r,t,s, ,s,p,r,i,n,k,l,e,d, ,t,o, ,c,l,e,a,n,s,e, ,u,s, ,f,r,o,m, ,a, ,g,u,i,l,t,y, ,c,o,n,s,c,i,e,n,c,e, ,a,n,d, ,h,a,v,i,n,g, ,o,u,r, ,b,o,d,i,e,s, ,w,a,s,h,e,d, ,w,i,t,h, ,p,u,r,e, ,w,a,t,e,r,.
 ,L,e,t, ,u,s, ,h,o,l,d, ,u,n,s,w,e,r,v,i,n,g,l,y, ,t,o, ,t,h,e, ,h,o,p,e, ,w,e, ,p,r,o,f,e,s,s,",", ,f,o,r, ,h,e, ,w,h,o, ,p,r,o,m,i,s,e,d, ,i,s, ,f,a,i,t,h,f,u,l,.
B,u,t, ,y,o,u, ,a,r,e, ,a, ,c,h,o,s,e,n, ,p,e,o,p,l,e,",", ,a, ,r,o,y,a,l, ,p,r,i,e,s,t,h,o,o,d,",", ,a, ,h,o,l,y, ,n,a,t,i,o,n,",", ,G,o,d,s, ,s,p,e,c,i,a,l, ,p,o,s,s,e,s,s,i,o,n,",", ,t,h,a,t, ,y,o,u, ,m,a,y, ,d,e,c,l,a,r,e, ,t,h,e, ,p,r,a,i,s,e,s, ,o,f, ,h,i,m, ,w,h,o, ,c,a,l,l,e,d, ,y,o,u, ,o,u,t, ,o,f, ,d,a,r,k,n,e,s,s, ,i,n,t,o, ,h,i,s, ,w,o,n,d,e,r,f,u,l, ,l,i,g,h,t,.
 ,O,n,c,e, ,y,o,u, ,w,e,r,e, ,n,o,t, ,a, ,p,e,o,p,l,e,",", ,b,u,t, ,n,o,w, ,y,o,u, ,a,r,e, ,t,h,e, ,p,e,o,p,l,e, ,o,f, ,G,o,d,;, ,o,n,c,e, ,y,o,u, ,h,a,d, ,n,o,t, ,r,e,c,e,i,v,e,d, ,m,e,r,c,y,",", ,b,u,t, ,n,o,w, ,y,o,u, ,h,a,v,e, ,r,e,c,e,i,v,e,d, ,m,e,r,c,y,.
 ,D,e,a,r, ,f,r,i,e,n,d,s,",", ,I, ,u,r,g,e, ,y,o,u,",", ,a,s, ,f,o,r,e,i,g,n,e,r,s, ,a,n,d, ,e,x,i,l,e,s,",", ,t,o, ,a,b,s,t,a,i,n, ,f,r,o,m, ,s,i,n,f,u,l, ,d,e,s,i,r,e,s,",", ,w,h,i,c,h, ,w,a,g,e, ,w,a,r, ,a,g,a,i,n,s,t, ,y,o,u,r, ,s,o,u,l,.
C,o,n,s,i,d,e,r, ,i,t, ,p,u,r,e, ,j,o,y,",", ,m,y, ,b,r,o,t,h,e,r,s, ,a,n,d, ,s,i,s,t,e,r,s,",", ,w,h,e,n,e,v,e,r, ,y,o,u, ,f,a,c,e, ,t,r,i,a,l,s, ,o,f, ,m,a,n,y, ,k,i,n,d,s,","
b,e,c,a,u,s,e, ,y,o,u, ,k,n,o,w, ,t,h,a,t, ,t,h,e, ,t,e,s,t,i,n,g, ,o,f, ,y,o,u,r, ,f,a,i,t,h, ,p,r,o,d,u,c,e,s, ,p,e,r,s,e,v,e,r,a,n,c,e,.
L,e,t, ,p,e,r,s,e,v,e,r,a,n,c,e, ,f,i,n,i,s,h, ,i,t,s, ,w,o,r,k, ,s,o, ,t,h,a,t, ,y,o,u, ,m,a,y, ,b,e, ,m,a,t,u,r,e, ,a,n,d, ,c,o,m,p,l,e,t,e,",", ,n,o,t, ,l,a,c,k,i,n,g, ,a,n,y,t,h,i,n,g,.
 ,F,o,r, ,i,n, ,t,h,e, ,g,o,s,p,e,l, ,t,h,e, ,r,i,g,h,t,e,o,u,s,n,e,s,s, ,o,f, ,G,o,d, ,i,s, ,r,e,v,e,a,l,e,d,a, ,r,i,g,h,t,e,o,u,s,n,e,s,s, ,t,h,a,t, ,i,s, ,b,y, ,f,a,i,t,h, ,f,r,o,m, ,f,i,r,s,t, ,t,o, ,l,a,s,t,",", ,j,u,s,t, ,a,s, ,i,t, ,i,s, ,w,r,i,t,t,e,n,:, ,T,h,e, ,r,i,g,h,t,e,o,u,s, ,w,i,l,l, ,l,i,v,e, ,b,y, ,f,a,i,t,h,.
B,e, ,s,t,r,o,n,g, ,a,n,d, ,c,o,u,r,a,g,e,o,u,s,., ,D,o, ,n,o,t, ,b,e, ,a,f,r,a,i,d, ,o,r, ,t,e,r,r,i,f,i,e,d, ,b,e,c,a,u,s,e, ,o,f, ,t,h,e,m,",", ,f,o,r, ,t,h,e, ,L,O,R,D, ,y,o,u,r, ,G,o,d, ,g,o,e,s, ,w,i,t,h, ,y,o,u,;, ,h,e, ,w,i,l,l, ,n,e,v,e,r, ,l,e,a,v,e, ,y,o,u, ,n,o,r, ,f,o,r,s,a,k,e, ,y,o,u,.
T,h,e, ,L,O,R,D, ,i,s, ,m,y, ,s,h,e,p,h,e,r,d,",", ,I, ,l,a,c,k, ,n,o,t,h,i,n,g,.
B,e, ,s,t,r,o,n,g, ,a,n,d, ,v,e,r,y, ,c,o,u,r,a,g,e,o,u,s,., ,B,e, ,c,a,r,e,f,u,l, ,t,o, ,o,b,e,y, ,a,l,l, ,t,h,e, ,l,a,w, ,m,y, ,s,e,r,v,a,n,t, ,M,o,s,e,s, ,g,a,v,e, ,y,o,u,;, ,d,o, ,n,o,t, ,t,u,r,n, ,f,r,o,m, ,i,t, ,t,o, ,t,h,e, ,r,i,g,h,t, ,o,r, ,t,o, ,t,h,e, ,l,e,f,t,",", ,t,h,a,t, ,y,o,u, ,m,a,y, ,b,e, ,s,u,c,c,e,s,s,f,u,l, ,w,h,e,r,e,v,e,r, ,y,o,u, ,g,o,.
 ,T,h,e,r,e,f,o,r,e,",", ,m,y, ,d,e,a,r, ,b,r,o,t,h,e,r,s, ,a,n,d, ,s,i,s,t,e,r,s,",", ,s,t,a,n,d, ,f,i,r,m,., ,L,e,t, ,n,o,t,h,i,n,g, ,m,o,v,e, ,y,o,u,., ,A,l,w,a,y,s, ,g,i,v,e, ,y,o,u,r,s,e,l,v,e,s, ,f,u,l,l,y, ,t,o, ,t,h,e, ,w,o,r,k, ,o,f, ,t,h,e, ,L,o,r,d,",", ,b,e,c,a,u,s,e, ,y,o,u, ,k,n,o,w, ,t,h,a,t, ,y,o,u,r, ,l,a,b,o,r, ,i,n, ,t,h,e, ,L,o,r,d, ,i,s, ,n,o,t, ,i,n, ,v,a,i,n,.
T,h,e,r,e,f,o,r,e,",", ,s,i,n,c,e, ,w,e, ,a,r,e, ,s,u,r,r,o,u,n,d,e,d, ,b,y, ,s,u,c,h, ,a, ,g,r,e,a,t, ,c,l,o,u,d, ,o,f, ,w,i,t,n,e,s,s,e,s,",", ,l,e,t, ,u,s, ,t,h,r,o,w, ,o,f,f, ,e,v,e,r,y,t,h,i,n,g, ,t,h,a,t, ,h,i,n,d,e,r,s, ,a,n,d, ,t,h,e, ,s,i,n, ,t,h,a,t, ,s,o, ,e,a,s,i,l,y, ,e,n,t,a,n,g,l,e,s,., ,A,n,d, ,l,e,t, ,u,s, ,r,u,n, ,w,i,t,h, ,p,e,r,s,e,v,e,r,a,n,c,e, ,t,h,e, ,r,a,c,e, ,m,a,r,k,e,d, ,o,u,t, ,f,o,r, ,u,s,","
f,i,x,i,n,g, ,o,u,r, ,e,y,e,s, ,o,n, ,J,e,s,u,s,",", ,t,h,e, ,p,i,o,n,e,e,r, ,a,n,d, ,p,e,r,f,e,c,t,e,r, ,o,f, ,f,a,i,t,h,., ,F,o,r, ,t,h,e, ,j,o,y, ,s,e,t, ,b,e,f,o,r,e, ,h,i,m, ,h,e, ,e,n,d,u,r,e,d, ,t,h,e, ,c,r,o,s,s,",", ,s,c,o,r,n,i,n,g, ,i,t,s, ,s,h,a,m,e,",", ,a,n,d, ,s,a,t, ,d,o,w,n, ,a,t, ,t,h,e, ,r,i,g,h,t, ,h,a,n,d, ,o,f, ,t,h,e, ,t,h,r,o,n,e, ,o,f, ,G,o,d,.
 ,T,h,e,r,e,f,o,r,e, ,e,n,c,o,u,r,a,g,e, ,o,n,e, ,a,n,o,t,h,e,r, ,a,n,d, ,b,u,i,l,d, ,e,a,c,h, ,o,t,h,e,r, ,u,p,",", ,j,u,s,t, ,a,s, ,i,n, ,f,a,c,t, ,y,o,u, ,a,r,e, ,d,o,i,n,g,.
 ,b,u,t, ,t,h,o,s,e, ,w,h,o, ,h,o,p,e, ,i,n, ,t,h,e, ,L,O,R,D, ,w,i,l,l, ,r,e,n,e,w, ,t,h,e,i,r, ,s,t,r,e,n,g,t,h,., ,T,h,e,y, ,w,i,l,l, ,s,o,a,r, ,o,n, ,w,i,n,g,s, ,l,i,k,e, ,e,a,g,l,e,s,;, ,t,h,e,y, ,w,i,l,l, ,r,u,n, ,a,n,d, ,n,o,t, ,g,r,o,w, ,w,e,a,r,y,",", ,t,h,e,y, ,w,i,l,l, ,w,a,l,k, ,a,n,d, ,n,o,t, ,b,e, ,f,a,i,n,t,.
W,h,e,n, ,y,o,u, ,p,a,s,s, ,t,h,r,o,u,g,h, ,t,h,e, ,w,a,t,e,r,s,",", ,I, ,w,i,l,l, ,b,e, ,w,i,t,h, ,y,o,u,;, ,a,n,d, ,w,h,e,n, ,y,o,u, ,p,a,s,s, ,t,h,r,o,u,g,h, ,t,h,e, ,r,i,v,e,r,s,",", ,t,h,e,y, ,w,i,l,l, ,n,o,t, ,s,w,e,e,p, ,o,v,e,r, ,y,o,u,., ,W,h,e,n, ,y,o,u, ,w,a,l,k, ,t,h,r,o,u,g,h, ,t,h,e, ,f,i,r,e,",", ,y,o,u, ,w,i,l,l, ,n,o,t, ,b,e, ,b,u,r,n,e,d,;, ,t,h,e, ,f,l,a,m,e,s, ,w,i,l,l, ,n,o,t, ,s,e,t, ,y,o,u, ,a,b,l,a,z,e,.
H,a,v,e, ,I, ,n,o,t, ,c,o,m,m,a,n,d,e,d, ,y,o,u,?, ,B,e, ,s,t,r,o,n,g, ,a,n,d, ,c,o,u,r,a,g,e,o,u,s,., ,D,o, ,n,o,t, ,b,e, ,a,f,r,a,i,d,;, ,d,o, ,n,o,t, ,b,e, ,d,i,s,c,o,u,r,a,g,e,d,",", ,f,o,r, ,t,h,e, ,L,O,R,D, ,y,o,u,r, ,G,o,d, ,w,i,l,l, ,b,e, ,w,i,t,h, ,y,o,u, ,w,h,e,r,e,v,e,r, ,y,o,u, ,g,o,.
 ,T,h,e, ,n,a,m,e, ,o,f, ,t,h,e, ,L,O,R,D, ,i,s, ,a, ,f,o,r,t,i,f,i,e,d, ,t,o,w,e,r,;, ,t,h,e, ,r,i,g,h,t,e,o,u,s, ,r,u,n, ,t,o, ,i,t, ,a,n,d, ,a,r,e, ,s,a,f,e,.
 ,B,e, ,s,t,r,o,n,g, ,a,n,d, ,t,a,k,e, ,h,e,a,r,t,",", ,a,l,l, ,y,o,u, ,w,h,o, ,h,o,p,e, ,i,n, ,t,h,e, ,L,O,R,D,.
T,r,u,s,t, ,i,n, ,t,h,e, ,L,O,R,D, ,w,i,t,h, ,a,l,l, ,y,o,u,r, ,h,e,a,r,t, ,a,n,d, ,l,e,a,n, ,n,o,t, ,o,n, ,y,o,u,r, ,o,w,n, ,u,n,d,e,r,s,t,a,n,d,i,n,g,;
i,n, ,a,l,l, ,y,o,u,r, ,w,a,y,s, ,s,u,b,m,i,t, ,t,o, ,h,i,m,",", ,a,n,d, ,h,e, ,w,i,l,l, ,m,a,k,e, ,y,o,u,r, ,p,a,t,h,s, ,s,t,r,a,i,g,h,t,.
P,r,a,i,s,e, ,b,e, ,t,o, ,t,h,e, ,G,o,d, ,a,n,d, ,F,a,t,h,e,r, ,o,f, ,o,u,r, ,L,o,r,d, ,J,e,s,u,s, ,C,h,r,i,s,t,",", ,t,h,e, ,F,a,t,h,e,r, ,o,f, ,c,o,m,p,a,s,s,i,o,n, ,a,n,d, ,t,h,e, ,G,o,d, ,o,f, ,a,l,l, ,c,o,m,f,o,r,t,","
w,h,o, ,c,o,m,f,o,r,t,s, ,u,s, ,i,n, ,a,l,l, ,o,u,r, ,t,r,o,u,b,l,e,s,",", ,s,o, ,t,h,a,t, ,w,e, ,c,a,n, ,c,o,m,f,o,r,t, ,t,h,o,s,e, ,i,n, ,a,n,y, ,t,r,o,u,b,l,e, ,w,i,t,h, ,t,h,e, ,c,o,m,f,o,r,t, ,w,e, ,o,u,r,s,e,l,v,e,s, ,r,e,c,e,i,v,e, ,f,r,o,m, ,G,o,d,.
 ,S,o, ,d,o, ,n,o,t, ,f,e,a,r,",", ,f,o,r, ,I, ,a,m, ,w,i,t,h, ,y,o,u,;, ,d,o, ,n,o,t, ,b,e, ,d,i,s,m,a,y,e,d,",", ,f,o,r, ,I, ,a,m, ,y,o,u,r, ,G,o,d,., ,I, ,w,i,l,l, ,s,t,r,e,n,g,t,h,e,n, ,y,o,u, ,a,n,d, ,h,e,l,p, ,y,o,u,;, ,I, ,w,i,l,l, ,u,p,h,o,l,d, ,y,o,u, ,w,i,t,h, ,m,y, ,r,i,g,h,t,e,o,u,s, ,r,i,g,h,t, ,h,a,n,d,.
 ,P,e,a,c,e, ,I, ,l,e,a,v,e, ,w,i,t,h, ,y,o,u,;, ,m,y, ,p,e,a,c,e, ,I, ,g,i,v,e, ,y,o,u,., ,I, ,d,o, ,n,o,t, ,g,i,v,e, ,t,o, ,y,o,u, ,a,s, ,t,h,e, ,w,o,r,l,d, ,g,i,v,e,s,., ,D,o, ,n,o,t, ,l,e,t, ,y,o,u,r, ,h,e,a,r,t,s, ,b,e, ,t,r,o,u,b,l,e,d, ,a,n,d, ,d,o, ,n,o,t, ,b,e, ,a,f,r,a,i,d,.
 ,I, ,h,a,v,e, ,t,o,l,d, ,y,o,u, ,t,h,e,s,e, ,t,h,i,n,g,s,",", ,s,o, ,t,h,a,t, ,i,n, ,m,e, ,y,o,u, ,m,a,y, ,h,a,v,e, ,p,e,a,c,e,., ,I,n, ,t,h,i,s, ,w,o,r,l,d, ,y,o,u, ,w,i,l,l, ,h,a,v,e, ,t,r,o,u,b,l,e,., ,B,u,t, ,t,a,k,e, ,h,e,a,r,t,!, ,I, ,h,a,v,e, ,o,v,e,r,c,o,m,e, ,t,h,e, ,w,o,r,l,d,.
G,o,d, ,i,s, ,o,u,r, ,r,e,f,u,g,e, ,a,n,d, ,s,t,r,e,n,g,t,h,",", ,a,n, ,e,v,e,r,-,p,r,e,s,e,n,t, ,h,e,l,p, ,i,n, ,t,r,o,u,b,l,e,.
T,h,e,r,e,f,o,r,e, ,w,e, ,w,i,l,l, ,n,o,t, ,f,e,a,r,",", ,t,h,o,u,g,h, ,t,h,e, ,e,a,r,t,h, ,g,i,v,e, ,w,a,y, ,a,n,d, ,t,h,e, ,m,o,u,n,t,a,i,n,s, ,f,a,l,l, ,i,n,t,o, ,t,h,e, ,h,e,a,r,t, ,o,f, ,t,h,e, ,s,e,a,","
t,h,o,u,g,h, ,i,t,s, ,w,a,t,e,r,s, ,r,o,a,r, ,a,n,d, ,f,o,a,m, ,a,n,d, ,t,h,e, ,m,o,u,n,t,a,i,n,s, ,q,u,a,k,e, ,w,i,t,h, ,t,h,e,i,r, ,s,u,r,g,i,n,g,.
F,o,r, ,t,h,e, ,S,p,i,r,i,t, ,G,o,d, ,g,a,v,e, ,u,s, ,d,o,e,s, ,n,o,t, ,m,a,k,e, ,u,s, ,t,i,m,i,d,",", ,b,u,t, ,g,i,v,e,s, ,u,s, ,p,o,w,e,r,",", ,l,o,v,e, ,a,n,d, ,s,e,l,f,-,d,i,s,c,i,p,l,i,n,e,.
I, ,k,e,e,p, ,m,y, ,e,y,e,s, ,a,l,w,a,y,s, ,o,n, ,t,h,e, ,L,O,R,D,., ,W,i,t,h, ,h,i,m, ,a,t, ,m,y, ,r,i,g,h,t, ,h,a,n,d,",", ,I, ,w,i,l,l, ,n,o,t, ,b,e, ,s,h,a,k,e,n,.
 ,C,a,s,t, ,y,o,u,r, ,c,a,r,e,s, ,o,n, ,t,h,e, ,L,O,R,D, ,a,n,d, ,h,e, ,w,i,l,l, ,s,u,s,t,a,i,n, ,y,o,u,;, ,h,e, ,w,i,l,l, ,n,e,v,e,r, ,l,e,t, ,t,h,e, ,r,i,g,h,t,e,o,u,s, ,b,e, ,s,h,a,k,e,n,.
C,a,s,t, ,a,l,l, ,y,o,u,r, ,a,n,x,i,e,t,y, ,o,n, ,h,i,m, ,b,e,c,a,u,s,e, ,h,e, ,c,a,r,e,s, ,f,o,r, ,y,o,u,.
Y,o,u, ,w,i,l,l, ,k,e,e,p, ,i,n, ,p,e,r,f,e,c,t, ,p,e,a,c,e, ,t,h,o,s,e, ,w,h,o,s,e, ,m,i,n,d,s, ,a,r,e, ,s,t,e,a,d,f,a,s,t,",", ,b,e,c,a,u,s,e, ,t,h,e,y, ,t,r,u,s,t, ,i,n, ,y,o,u,.
 ,T,h,e, ,L,O,R,D, ,i,s, ,m,y, ,s,t,r,e,n,g,t,h, ,a,n,d, ,m,y, ,d,e,f,e,n,s,e, ,;, ,h,e, ,h,a,s, ,b,e,c,o,m,e, ,m,y, ,s,a,l,v,a,t,i,o,n,.
 ,S,h,o,u,t,s, ,o,f, ,j,o,y, ,a,n,d, ,v,i,c,t,o,r,y, ,r,e,s,o,u,n,d, ,i,n, ,t,h,e, ,t,e,n,t,s, ,o,f, ,t,h,e, ,r,i,g,h,t,e,o,u,s,:, ,T,h,e, ,L,O,R,D,s, ,r,i,g,h,t, ,h,a,n,d, ,h,a,s, ,d,o,n,e, ,m,i,g,h,t,y, ,t,h,i,n,g,s,!
 ,T,h,e, ,L,O,R,D,s, ,r,i,g,h,t, ,h,a,n,d, ,i,s, ,l,i,f,t,e,d, ,h,i,g,h,;, ,t,h,e, ,L,O,R,D,s, ,r,i,g,h,t, ,h,a,n,d, ,h,a,s, ,d,o,n,e, ,m,i,g,h,t,y, ,t,h,i,n,g,s,!
4, ,Y,o,u, ,a,r,e, ,m,y, ,r,e,f,u,g,e, ,a,n,d, ,m,y, ,s,h,i,e,l,d,;, ,I, ,h,a,v,e, ,p,u,t, ,m,y, ,h,o,p,e, ,i,n, ,y,o,u,r, ,w,o,r,d,.
5, ,A,w,a,y, ,f,r,o,m, ,m,e,",", ,y,o,u, ,e,v,i,l,d,o,e,r,s,",", ,t,h,a,t, ,I, ,m,a,y, ,k,e,e,p, ,t,h,e, ,c,o,m,m,a,n,d,s, ,o,f, ,m,y, ,G,o,d,!
 ,I, ,a,m, ,l,a,i,d, ,l,o,w, ,i,n, ,t,h,e, ,d,u,s,t,;, ,p,r,e,s,e,r,v,e, ,m,y, ,l,i,f,e, ,a,c,c,o,r,d,i,n,g, ,t,o, ,y,o,u,r, ,w,o,r,d,.
 ,M,y, ,c,o,m,f,o,r,t, ,i,n, ,m,y, ,s,u,f,f,e,r,i,n,g, ,i,s, ,t,h,i,s,:, ,Y,o,u,r, ,p,r,o,m,i,s,e, ,p,r,e,s,e,r,v,e,s, ,m,y, ,l,i,f,e,.
 ,I,t, ,w,a,s, ,g,o,o,d, ,f,o,r, ,m,e, ,t,o, ,b,e, ,a,f,f,l,i,c,t,e,d, ,s,o, ,t,h,a,t, ,I, ,m,i,g,h,t, ,l,e,a,r,n, ,y,o,u,r, ,d,e,c,r,e,e,s,.
I, ,c,a,l,l, ,o,n, ,t,h,e, ,L,O,R,D, ,i,n, ,m,y, ,d,i,s,t,r,e,s,s,",", ,a,n,d, ,h,e, ,a,n,s,w,e,r,s, ,m,e,.
 ,L,e,t, ,t,h,e, ,p,e,a,c,e, ,o,f, ,C,h,r,i,s,t, ,r,u,l,e, ,i,n, ,y,o,u,r, ,h,e,a,r,t,s,",", ,s,i,n,c,e, ,a,s, ,m,e,m,b,e,r,s, ,o,f, ,o,n,e, ,b,o,d,y, ,y,o,u, ,w,e,r,e, ,c,a,l,l,e,d, ,t,o, ,p,e,a,c,e,., ,A,n,d, ,b,e, ,t,h,a,n,k,f,u,l,.
 ,B,u,t, ,t,h,e, ,f,r,u,i,t, ,o,f, ,t,h,e, ,S,p,i,r,i,t, ,i,s, ,l,o,v,e,",", ,j,o,y,",", ,p,e,a,c,e,",", ,f,o,r,b,e,a,r,a,n,c,e,",", ,k,i,n,d,n,e,s,s,",", ,g,o,o,d,n,e,s,s,",", ,f,a,i,t,h,f,u,l,n,e,s,s,","
 ,M,a,k,e, ,e,v,e,r,y, ,e,f,f,o,r,t, ,t,o, ,l,i,v,e, ,i,n, ,p,e,a,c,e, ,w,i,t,h, ,e,v,e,r,y,o,n,e, ,a,n,d, ,t,o, ,b,e, ,h,o,l,y,;, ,w,i,t,h,o,u,t, ,h,o,l,i,n,e,s,s, ,n,o, ,o,n,e, ,w,i,l,l, ,s,e,e, ,t,h,e, ,L,o,r,d,.
 ,T,h,e,y, ,m,u,s,t, ,t,u,r,n, ,f,r,o,m, ,e,v,i,l, ,a,n,d, ,d,o, ,g,o,o,d,;, ,t,h,e,y, ,m,u,s,t, ,s,e,e,k, ,p,e,a,c,e, ,a,n,d, ,p,u,r,s,u,e, ,i,t,.
C,a,s,t, ,a,l,l, ,y,o,u,r, ,a,n,x,i,e,t,y, ,o,n, ,h,i,m, ,b,e,c,a,u,s,e, ,h,e, ,c,a,r,e,s, ,f,o,r, ,y,o,u,.
 ,M,a,k,e, ,s,u,r,e, ,t,h,a,t, ,n,o,b,o,d,y, ,p,a,y,s, ,b,a,c,k, ,w,r,o,n,g, ,f,o,r, ,w,r,o,n,g,",", ,b,u,t, ,a,l,w,a,y,s, ,s,t,r,i,v,e, ,t,o, ,d,o, ,w,h,a,t, ,i,s, ,g,o,o,d, ,f,o,r, ,e,a,c,h, ,o,t,h,e,r, ,a,n,d, ,f,o,r, ,e,v,e,r,y,o,n,e, ,e,l,s,e,.
 ,P,e,a,c,e,m,a,k,e,r,s, ,w,h,o, ,s,o,w, ,i,n, ,p,e,a,c,e, ,r,e,a,p, ,a, ,h,a,r,v,e,s,t, ,o,f, ,r,i,g,h,t,e,o,u,s,n,e,s,s,.
A,n,d, ,t,h,e, ,p,e,a,c,e, ,o,f, ,G,o,d,",", ,w,h,i,c,h, ,t,r,a,n,s,c,e,n,d,s, ,a,l,l, ,u,n,d,e,r,s,t,a,n,d,i,n,g,",", ,w,i,l,l, ,g,u,a,r,d, ,y,o,u,r, ,h,e,a,r,t,s, ,a,n,d, ,y,o,u,r, ,m,i,n,d,s, ,i,n, ,C,h,r,i,s,t, ,J,e,s,u,s,.
 ,D,e,c,e,i,t, ,i,s, ,i,n, ,t,h,e, ,h,e,a,r,t,s, ,o,f, ,t,h,o,s,e, ,w,h,o, ,p,l,o,t, ,e,v,i,l,",", ,b,u,t, ,t,h,o,s,e, ,w,h,o, ,p,r,o,m,o,t,e, ,p,e,a,c,e, ,h,a,v,e, ,j,o,y,.
W,h,e,n, ,t,h,e, ,L,O,R,D, ,t,a,k,e,s, ,p,l,e,a,s,u,r,e, ,i,n, ,a,n,y,o,n,e,s, ,w,a,y,",", ,h,e, ,c,a,u,s,e,s, ,t,h,e,i,r, ,e,n,e,m,i,e,s, ,t,o, ,m,a,k,e, ,p,e,a,c,e, ,w,i,t,h, ,t,h,e,m,.
 ,T,h,e, ,L,O,R,D, ,g,i,v,e,s, ,s,t,r,e,n,g,t,h, ,t,o, ,h,i,s, ,p,e,o,p,l,e,;, ,t,h,e, ,L,O,R,D, ,b,l,e,s,s,e,s, ,h,i,s, ,p,e,o,p,l,e, ,w,i,t,h, ,p,e,a,c,e,.
 ,I,f, ,i,t, ,i,s, ,p,o,s,s,i,b,l,e,",", ,a,s, ,f,a,r, ,a,s, ,i,t, ,d,e,p,e,n,d,s, ,o,n, ,y,o,u,",", ,l,i,v,e, ,a,t, ,p,e,a,c,e, ,w,i,t,h, ,e,v,e,r,y,o,n,e,.
 ,L,e,t, ,u,s, ,t,h,e,r,e,f,o,r,e, ,m,a,k,e, ,e,v,e,r,y, ,e,f,f,o,r,t, ,t,o, ,d,o, ,w,h,a,t, ,l,e,a,d,s, ,t,o, ,p,e,a,c,e, ,a,n,d, ,t,o, ,m,u,t,u,a,l, ,e,d,i,f,i,c,a,t,i,o,n,.
 ,T,u,r,n, ,f,r,o,m, ,e,v,i,l, ,a,n,d, ,d,o, ,g,o,o,d,;, ,s,e,e,k, ,p,e,a,c,e, ,a,n,d, ,p,u,r,s,u,e, ,i,t,.
 ,D,o, ,n,o,t, ,s,u,p,p,o,s,e, ,t,h,a,t, ,I, ,h,a,v,e, ,c,o,m,e, ,t,o, ,b,r,i,n,g, ,p,e,a,c,e, ,t,o, ,t,h,e, ,e,a,r,t,h,., ,I, ,d,i,d, ,n,o,t, ,c,o,m,e, ,t,o, ,b,r,i,n,g, ,p,e,a,c,e,",", ,b,u,t, ,a, ,s,w,o,r,d,.
 ,F,o,r, ,I, ,h,a,v,e, ,c,o,m,e, ,t,o, ,t,u,r,n, , ,a, ,m,a,n, ,a,g,a,i,n,s,t, ,h,i,s, ,f,a,t,h,e,r,",", ,a, ,d,a,u,g,h,t,e,r, ,a,g,a,i,n,s,t, ,h,e,r, ,m,o,t,h,e,r,",", ,a, ,d,a,u,g,h,t,e,r,-,i,n,-,l,a,w, ,a,g,a,i,n,s,t, ,h,e,r, ,m,o,t,h,e,r,-,i,n,-,l,a,w
 ,a, ,m,a,n,s, ,e,n,e,m,i,e,s, ,w,i,l,l, ,b,e, ,t,h,e, ,m,e,m,b,e,r,s, ,o,f, ,h,i,s, ,o,w,n, ,h,o,u,s,e,h,o,l,d,.
D,o, ,n,o,t, ,r,e,p,a,y, ,e,v,i,l, ,w,i,t,h, ,e,v,i,l, ,o,r, ,i,n,s,u,l,t, ,w,i,t,h, ,i,n,s,u,l,t,., ,O,n, ,t,h,e, ,c,o,n,t,r,a,r,y,",", ,r,e,p,a,y, ,e,v,i,l, ,w,i,t,h, ,b,l,e,s,s,i,n,g,",", ,b,e,c,a,u,s,e, ,t,o, ,t,h,i,s, ,y,o,u, ,w,e,r,e, ,c,a,l,l,e,d, ,s,o, ,t,h,a,t, ,y,o,u, ,m,a,y, ,i,n,h,e,r,i,t, ,a, ,b,l,e,s,s,i,n,g,.
 ,F,o,r,",", ,W,h,o,e,v,e,r, ,w,o,u,l,d, ,l,o,v,e, ,l,i,f,e, ,a,n,d, ,s,e,e, ,g,o,o,d, ,d,a,y,s, ,m,u,s,t, ,k,e,e,p, ,t,h,e,i,r, ,t,o,n,g,u,e, ,f,r,o,m, ,e,v,i,l, ,a,n,d, ,t,h,e,i,r, ,l,i,p,s, ,f,r,o,m, ,d,e,c,e,i,t,f,u,l, ,s,p,e,e,c,h,.
 ,T,h,e,y, ,m,u,s,t, ,t,u,r,n, ,f,r,o,m, ,e,v,i,l, ,a,n,d, ,d,o, ,g,o,o,d,;, ,t,h,e,y, ,m,u,s,t, ,s,e,e,k, ,p,e,a,c,e, ,a,n,d, ,p,u,r,s,u,e, ,i,t,.
 ,C,o,n,s,i,d,e,r, ,t,h,e, ,b,l,a,m,e,l,e,s,s,",", ,o,b,s,e,r,v,e, ,t,h,e, ,u,p,r,i,g,h,t,;, ,a, ,f,u,t,u,r,e, ,a,w,a,i,t,s, ,t,h,o,s,e, ,w,h,o, ,s,e,e,k, ,p,e,a,c,e,.
I, ,w,i,l,l, ,l,i,s,t,e,n, ,t,o, ,w,h,a,t, ,G,o,d, ,t,h,e, ,L,O,R,D, ,s,a,y,s,;, ,h,e, ,p,r,o,m,i,s,e,s, ,p,e,a,c,e, ,t,o, ,h,i,s, ,p,e,o,p,l,e,",", ,h,i,s, ,f,a,i,t,h,f,u,l, ,s,e,r,v,a,n,t,s, ,b,u,t, ,l,e,t, ,t,h,e,m, ,n,o,t, ,t,u,r,n, ,t,o, ,f,o,l,l,y,.
 ,D,o, ,n,o,t, ,r,e,p,a,y, ,a,n,y,o,n,e, ,e,v,i,l, ,f,o,r, ,e,v,i,l,., ,B,e, ,c,a,r,e,f,u,l, ,t,o, ,d,o, ,w,h,a,t, ,i,s, ,r,i,g,h,t, ,i,n, ,t,h,e, ,e,y,e,s, ,o,f, ,e,v,e,r,y,o,n,e,.
 ,I,f, ,i,t, ,i,s, ,p,o,s,s,i,b,l,e,",", ,a,s, ,f,a,r, ,a,s, ,i,t, ,d,e,p,e,n,d,s, ,o,n, ,y,o,u,",", ,l,i,v,e, ,a,t, ,p,e,a,c,e, ,w,i,t,h, ,e,v,e,r,y,o,n,e,.
 ,D,o, ,n,o,t, ,t,a,k,e, ,r,e,v,e,n,g,e,",", ,m,y, ,d,e,a,r, ,f,r,i,e,n,d,s,",", ,b,u,t, ,l,e,a,v,e, ,r,o,o,m, ,f,o,r, ,G,o,d,s, ,w,r,a,t,h,",", ,f,o,r, ,i,t, ,i,s, ,w,r,i,t,t,e,n,:, ,I,t, ,i,s, ,m,i,n,e, ,t,o, ,a,v,e,n,g,e,;, ,I, ,w,i,l,l, ,r,e,p,a,y,",", ,s,a,y,s, ,t,h,e, ,L,o,r,d,.
 ,O,n, ,t,h,e, ,c,o,n,t,r,a,r,y,:, ,I,f, ,y,o,u,r, ,e,n,e,m,y, ,i,s, ,h,u,n,g,r,y,",", ,f,e,e,d, ,h,i,m,;, ,i,f, ,h,e, ,i,s, ,t,h,i,r,s,t,y,",", ,g,i,v,e, ,h,i,m, ,s,o,m,e,t,h,i,n,g, ,t,o, ,d,r,i,n,k,., ,I,n, ,d,o,i,n,g, ,t,h,i,s,",", ,y,o,u, ,w,i,l,l, ,h,e,a,p, ,b,u,r,n,i,n,g, ,c,o,a,l,s, ,o,n, ,h,i,s, ,h,e,a,d,.
 ,D,o, ,n,o,t, ,b,e, ,o,v,e,r,c,o,m,e, ,b,y, ,e,v,i,l,",", ,b,u,t, ,o,v,e,r,c,o,m,e, ,e,v,i,l, ,w,i,t,h, ,g,o,o,d,.
5, ,G,r,e,a,t, ,p,e,a,c,e, ,h,a,v,e, ,t,h,o,s,e, ,w,h,o, ,l,o,v,e, ,y,o,u,r, ,l,a,w,",", ,a,n,d, ,n,o,t,h,i,n,g, ,c,a,n, ,m,a,k,e, ,t,h,e,m, ,s,t,u,m,b,l,e,.
F,o,r, ,t,o, ,u,s, ,a, ,c,h,i,l,d, ,i,s, ,b,o,r,n,",", ,t,o, ,u,s, ,a, ,s,o,n, ,i,s, ,g,i,v,e,n,",", ,a,n,d, ,t,h,e, ,g,o,v,e,r,n,m,e,n,t, ,w,i,l,l, ,b,e, ,o,n, ,h,i,s, ,s,h,o,u,l,d,e,r,s,., ,A,n,d, ,h,e, ,w,i,l,l, ,b,e, ,c,a,l,l,e,d, ,W,o,n,d,e,r,f,u,l, ,C,o,u,n,s,e,l,o,r,",", ,M,i,g,h,t,y, ,G,o,d,",", ,E,v,e,r,l,a,s,t,i,n,g, ,F,a,t,h,e,r,",", ,P,r,i,n,c,e, ,o,f, ,P,e,a,c,e,.
Y,o,u, ,w,i,l,l, ,k,e,e,p, ,i,n, ,p,e,r,f,e,c,t, ,p,e,a,c,e, ,t,h,o,s,e, ,w,h,o,s,e, ,m,i,n,d,s, ,a,r,e, ,s,t,e,a,d,f,a,s,t,",", ,b,e,c,a,u,s,e, ,t,h,e,y, ,t,r,u,s,t, ,i,n, ,y,o,u,.
 ,L,O,R,D,",", ,y,o,u, ,e,s,t,a,b,l,i,s,h, ,p,e,a,c,e, ,f,o,r, ,u,s,;, ,a,l,l, ,t,h,a,t, ,w,e, ,h,a,v,e, ,a,c,c,o,m,p,l,i,s,h,e,d, ,y,o,u, ,h,a,v,e, ,d,o,n,e, ,f,o,r, ,u,s,.
 ,T,h,o,u,g,h, ,t,h,e, ,m,o,u,n,t,a,i,n,s, ,b,e, ,s,h,a,k,e,n, ,a,n,d, ,t,h,e, ,h,i,l,l,s, ,b,e, ,r,e,m,o,v,e,d,",", ,y,e,t, ,m,y, ,u,n,f,a,i,l,i,n,g, ,l,o,v,e, ,f,o,r, ,y,o,u, ,w,i,l,l, ,n,o,t, ,b,e, ,s,h,a,k,e,n, ,n,o,r, ,m,y, ,c,o,v,e,n,a,n,t, ,o,f, ,p,e,a,c,e, ,b,e, ,r,e,m,o,v,e,d,",", ,s,a,y,s, ,t,h,e, ,L,O,R,D,",", ,w,h,o, ,h,a,s, ,c,o,m,p,a,s,s,i,o,n, ,o,n, ,y,o,u,.
 ,Y,o,u, ,w,i,l,l, ,g,o, ,o,u,t, ,i,n, ,j,o,y, ,a,n,d, ,b,e, ,l,e,d, ,f,o,r,t,h, ,i,n, ,p,e,a,c,e,;, ,t,h,e, ,m,o,u,n,t,a,i,n,s, ,a,n,d, ,h,i,l,l,s, ,w,i,l,l, ,b,u,r,s,t, ,i,n,t,o, ,s,o,n,g, ,b,e,f,o,r,e, ,y,o,u,",", ,a,n,d, ,a,l,l, ,t,h,e, ,t,r,e,e,s, ,o,f, ,t,h,e, ,f,i,e,l,d, ,w,i,l,l, ,c,l,a,p, ,t,h,e,i,r, ,h,a,n,d,s,.
 ,W,h,a,t, ,g,o,o,d, ,i,s, ,i,t,",", ,m,y, ,b,r,o,t,h,e,r,s, ,a,n,d, ,s,i,s,t,e,r,s,",", ,i,f, ,s,o,m,e,o,n,e, ,c,l,a,i,m,s, ,t,o, ,h,a,v,e, ,f,a,i,t,h, ,b,u,t, ,h,a,s, ,n,o, ,d,e,e,d,s,?, ,C,a,n, ,s,u,c,h, ,f,a,i,t,h, ,s,a,v,e, ,t,h,e,m,?
 ,S,u,p,p,o,s,e, ,a, ,b,r,o,t,h,e,r, ,o,r, ,a, ,s,i,s,t,e,r, ,i,s, ,w,i,t,h,o,u,t, ,c,l,o,t,h,e,s, ,a,n,d, ,d,a,i,l,y, ,f,o,o,d,.
 ,I,f, ,o,n,e, ,o,f, ,y,o,u, ,s,a,y,s, ,t,o, ,t,h,e,m,",", ,G,o, ,i,n, ,p,e,a,c,e,;, ,k,e,e,p, ,w,a,r,m, ,a,n,d, ,w,e,l,l, ,f,e,d,",", ,b,u,t, ,d,o,e,s, ,n,o,t,h,i,n,g, ,a,b,o,u,t, ,t,h,e,i,r, ,p,h,y,s,i,c,a,l, ,n,e,e,d,s,",", ,w,h,a,t, ,g,o,o,d, ,i,s, ,i,t,?
 ,I,n, ,t,h,e, ,s,a,m,e, ,w,a,y,",", ,f,a,i,t,h, ,b,y, ,i,t,s,e,l,f,",", ,i,f, ,i,t, ,i,s, ,n,o,t, ,a,c,c,o,m,p,a,n,i,e,d, ,b,y, ,a,c,t,i,o,n,",", ,i,s, ,d,e,a,d,.
 ,B,u,t, ,s,o,m,e,o,n,e, ,w,i,l,l, ,s,a,y,",", ,Y,o,u, ,h,a,v,e, ,f,a,i,t,h,;, ,I, ,h,a,v,e, ,d,e,e,d,s,., ,S,h,o,w, ,m,e, ,y,o,u,r, ,f,a,i,t,h, ,w,i,t,h,o,u,t, ,d,e,e,d,s,",", ,a,n,d, ,I, ,w,i,l,l, ,s,h,o,w, ,y,o,u, ,m,y, ,f,a,i,t,h, ,b,y, ,m,y, ,d,e,e,d,s,.
 ,Y,o,u, ,b,e,l,i,e,v,e, ,t,h,a,t, ,t,h,e,r,e, ,i,s, ,o,n,e, ,G,o,d,., ,G,o,o,d,!, ,E,v,e,n, ,t,h,e, ,d,e,m,o,n,s, ,b,e,l,i,e,v,e, ,t,h,a,t,a,n,d, ,s,h,u,d,d,e,r,.
 ,Y,o,u, ,f,o,o,l,i,s,h, ,p,e,r,s,o,n,",", ,d,o, ,y,o,u, ,w,a,n,t, ,e,v,i,d,e,n,c,e, ,t,h,a,t, ,f,a,i,t,h, ,w,i,t,h,o,u,t, ,d,e,e,d,s, ,i,s, ,u,s,e,l,e,s,s, ,?
 ,W,a,s, ,n,o,t, ,o,u,r, ,f,a,t,h,e,r, ,A,b,r,a,h,a,m, ,c,o,n,s,i,d,e,r,e,d, ,r,i,g,h,t,e,o,u,s, ,f,o,r, ,w,h,a,t, ,h,e, ,d,i,d, ,w,h,e,n, ,h,e, ,o,f,f,e,r,e,d, ,h,i,s, ,s,o,n, ,I,s,a,a,c, ,o,n, ,t,h,e, ,a,l,t,a,r,?
 ,Y,o,u, ,s,e,e, ,t,h,a,t, ,h,i,s, ,f,a,i,t,h, ,a,n,d, ,h,i,s, ,a,c,t,i,o,n,s, ,w,e,r,e, ,w,o,r,k,i,n,g, ,t,o,g,e,t,h,e,r,",", ,a,n,d, ,h,i,s, ,f,a,i,t,h, ,w,a,s, ,m,a,d,e, ,c,o,m,p,l,e,t,e, ,b,y, ,w,h,a,t, ,h,e, ,d,i,d,.
 ,A,n,d, ,t,h,e, ,s,c,r,i,p,t,u,r,e, ,w,a,s, ,f,u,l,f,i,l,l,e,d, ,t,h,a,t, ,s,a,y,s,",", ,A,b,r,a,h,a,m, ,b,e,l,i,e,v,e,d, ,G,o,d,",", ,a,n,d, ,i,t, ,w,a,s, ,c,r,e,d,i,t,e,d, ,t,o, ,h,i,m, ,a,s, ,r,i,g,h,t,e,o,u,s,n,e,s,s,",", ,a,n,d, ,h,e, ,w,a,s, ,c,a,l,l,e,d, ,G,o,d,s, ,f,r,i,e,n,d,.
 ,Y,o,u, ,s,e,e, ,t,h,a,t, ,a, ,p,e,r,s,o,n, ,i,s, ,c,o,n,s,i,d,e,r,e,d, ,r,i,g,h,t,e,o,u,s, ,b,y, ,w,h,a,t, ,t,h,e,y, ,d,o, ,a,n,d, ,n,o,t, ,b,y, ,f,a,i,t,h, ,a,l,o,n,e,.
 ,C,o,m,e, ,t,o, ,m,e,",", ,a,l,l, ,y,o,u, ,w,h,o, ,a,r,e, ,w,e,a,r,y, ,a,n,d, ,b,u,r,d,e,n,e,d,",", ,a,n,d, ,I, ,w,i,l,l, ,g,i,v,e, ,y,o,u, ,r,e,s,t,.
 ,T,a,k,e, ,m,y, ,y,o,k,e, ,u,p,o,n, ,y,o,u, ,a,n,d, ,l,e,a,r,n, ,f,r,o,m, ,m,e,",", ,f,o,r, ,I, ,a,m, ,g,e,n,t,l,e, ,a,n,d, ,h,u,m,b,l,e, ,i,n, ,h,e,a,r,t,",", ,a,n,d, ,y,o,u, ,w,i,l,l, ,f,i,n,d, ,r,e,s,t, ,f,o,r, ,y,o,u,r, ,s,o,u,l,s,.
 ,F,o,r, ,m,y, ,y,o,k,e, ,i,s, ,e,a,s,y, ,a,n,d, ,m,y, ,b,u,r,d,e,n, ,i,s, ,l,i,g,h,t,.
 ,I, ,h,a,v,e, ,t,o,l,d, ,y,o,u, ,t,h,e,s,e, ,t,h,i,n,g,s,",", ,s,o, ,t,h,a,t, ,i,n, ,m,e, ,y,o,u, ,m,a,y, ,h,a,v,e, ,p,e,a,c,e,., ,I,n, ,t,h,i,s, ,w,o,r,l,d, ,y,o,u, ,w,i,l,l, ,h,a,v,e, ,t,r,o,u,b,l,e,., ,B,u,t, ,t,a,k,e, ,h,e,a,r,t,!, ,I, ,h,a,v,e, ,o,v,e,r,c,o,m,e, ,t,h,e, ,w,o,r,l,d,.
 ,P,e,a,c,e, ,I, ,l,e,a,v,e, ,w,i,t,h, ,y,o,u,;, ,m,y, ,p,e,a,c,e, ,I, ,g,i,v,e, ,y,o,u,., ,I, ,d,o, ,n,o,t, ,g,i,v,e, ,t,o, ,y,o,u, ,a,s, ,t,h,e, ,w,o,r,l,d, ,g,i,v,e,s,., ,D,o, ,n,o,t, ,l,e,t, ,y,o,u,r, ,h,e,a,r,t,s, ,b,e, ,t,r,o,u,b,l,e,d, ,a,n,d, ,d,o, ,n,o,t, ,b,e, ,a,f,r,a,i,d,.
 ,F,o,r, ,t,h,e, ,k,i,n,g,d,o,m, ,o,f, ,G,o,d, ,i,s, ,n,o,t, ,a, ,m,a,t,t,e,r, ,o,f, ,e,a,t,i,n,g, ,a,n,d, ,d,r,i,n,k,i,n,g,",", ,b,u,t, ,o,f, ,r,i,g,h,t,e,o,u,s,n,e,s,s,",", ,p,e,a,c,e, ,a,n,d, ,j,o,y, ,i,n, ,t,h,e, ,H,o,l,y, ,S,p,i,r,i,t,","
 ,b,e,c,a,u,s,e, ,a,n,y,o,n,e, ,w,h,o, ,s,e,r,v,e,s, ,C,h,r,i,s,t, ,i,n, ,t,h,i,s, ,w,a,y, ,i,s, ,p,l,e,a,s,i,n,g, ,t,o, ,G,o,d, ,a,n,d, ,r,e,c,e,i,v,e,s, ,h,u,m,a,n, ,a,p,p,r,o,v,a,l,.
 ,L,e,t, ,u,s, ,t,h,e,r,e,f,o,r,e, ,m,a,k,e, ,e,v,e,r,y, ,e,f,f,o,r,t, ,t,o, ,d,o, ,w,h,a,t, ,l,e,a,d,s, ,t,o, ,p,e,a,c,e, ,a,n,d, ,t,o, ,m,u,t,u,a,l, ,e,d,i,f,i,c,a,t,i,o,n,.
 ,F,o,r, ,G,o,d, ,i,s, ,n,o,t, ,a, ,G,o,d, ,o,f, ,d,i,s,o,r,d,e,r, ,b,u,t, ,o,f, ,p,e,a,c,e,a,s, ,i,n, ,a,l,l, ,t,h,e, ,c,o,n,g,r,e,g,a,t,i,o,n,s, ,o,f, ,t,h,e, ,L,o,r,d,s, ,p,e,o,p,l,e,.
 ,N,o,w, ,m,a,y, ,t,h,e, ,L,o,r,d, ,o,f, ,p,e,a,c,e, ,h,i,m,s,e,l,f, ,g,i,v,e, ,y,o,u, ,p,e,a,c,e, ,a,t, ,a,l,l, ,t,i,m,e,s, ,a,n,d, ,i,n, ,e,v,e,r,y, ,w,a,y,., ,T,h,e, ,L,o,r,d, ,b,e, ,w,i,t,h, ,a,l,l, ,o,f, ,y,o,u,.
 ,M,a,y, ,t,h,e, ,G,o,d, ,o,f, ,h,o,p,e, ,f,i,l,l, ,y,o,u, ,w,i,t,h, ,a,l,l, ,j,o,y, ,a,n,d, ,p,e,a,c,e, ,a,s, ,y,o,u, ,t,r,u,s,t, ,i,n, ,h,i,m,",", ,s,o, ,t,h,a,t, ,y,o,u, ,m,a,y, ,o,v,e,r,f,l,o,w, ,w,i,t,h, ,h,o,p,e, ,b,y, ,t,h,e, ,p,o,w,e,r, ,o,f, ,t,h,e, ,H,o,l,y, ,S,p,i,r,i,t,.
D,o, ,n,o,t, ,b,e, ,a,n,x,i,o,u,s, ,a,b,o,u,t, ,a,n,y,t,h,i,n,g,",", ,b,u,t, ,i,n, ,e,v,e,r,y, ,s,i,t,u,a,t,i,o,n,",", ,b,y, ,p,r,a,y,e,r, ,a,n,d, ,p,e,t,i,t,i,o,n,",", ,w,i,t,h, ,t,h,a,n,k,s,g,i,v,i,n,g,",", ,p,r,e,s,e,n,t, ,y,o,u,r, ,r,e,q,u,e,s,t,s, ,t,o, ,G,o,d,.
A,n,d, ,t,h,e, ,p,e,a,c,e, ,o,f, ,G,o,d,",", ,w,h,i,c,h, ,t,r,a,n,s,c,e,n,d,s, ,a,l,l, ,u,n,d,e,r,s,t,a,n,d,i,n,g,",", ,w,i,l,l, ,g,u,a,r,d, ,y,o,u,r, ,h,e,a,r,t,s, ,a,n,d, ,y,o,u,r, ,m,i,n,d,s, ,i,n, ,C,h,r,i,s,t, ,J,e,s,u,s,.
W,h,o, ,i,s, ,i,t, ,t,h,a,t, ,o,v,e,r,c,o,m,e,s, ,t,h,e, ,w,o,r,l,d,?, ,O,n,l,y, ,t,h,e, ,o,n,e, ,w,h,o, ,b,e,l,i,e,v,e,s, ,t,h,a,t, ,J,e,s,u,s, ,i,s, ,t,h,e, ,S,o,n, ,o,f, ,G,o,d,.
 ,I, ,w,r,i,t,e, ,t,h,e,s,e, ,t,h,i,n,g,s, ,t,o, ,y,o,u, ,w,h,o, ,b,e,l,i,e,v,e, ,i,n, ,t,h,e, ,n,a,m,e, ,o,f, ,t,h,e, ,S,o,n, ,o,f, ,G,o,d, ,s,o, ,t,h,a,t, ,y,o,u, ,m,a,y, ,k,n,o,w, ,t,h,a,t, ,y,o,u, ,h,a,v,e, ,e,t,e,r,n,a,l, ,l,i,f,e,.
 ,D,o,n,t, ,l,e,t, ,a,n,y,o,n,e, ,l,o,o,k, ,d,o,w,n, ,o,n, ,y,o,u, ,b,e,c,a,u,s,e, ,y,o,u, ,a,r,e, ,y,o,u,n,g,",", ,b,u,t, ,s,e,t, ,a,n, ,e,x,a,m,p,l,e, ,f,o,r, ,t,h,e, ,b,e,l,i,e,v,e,r,s, ,i,n, ,s,p,e,e,c,h,",", ,i,n, ,c,o,n,d,u,c,t,",", ,i,n, ,l,o,v,e,",", ,i,n, ,f,a,i,t,h, ,a,n,d, ,i,n, ,p,u,r,i,t,y,.
 ,O,n, ,t,h,e, ,S,a,b,b,a,t,h, ,w,e, ,w,e,n,t, ,o,u,t,s,i,d,e, ,t,h,e, ,c,i,t,y, ,g,a,t,e, ,t,o, ,t,h,e, ,r,i,v,e,r,",", ,w,h,e,r,e, ,w,e, ,e,x,p,e,c,t,e,d, ,t,o, ,f,i,n,d, ,a, ,p,l,a,c,e, ,o,f, ,p,r,a,y,e,r,., ,W,e, ,s,a,t, ,d,o,w,n, ,a,n,d, ,b,e,g,a,n, ,t,o, ,s,p,e,a,k, ,t,o, ,t,h,e, ,w,o,m,e,n, ,w,h,o, ,h,a,d, ,g,a,t,h,e,r,e,d, ,t,h,e,r,e,.
 ,B,u,t, ,S,c,r,i,p,t,u,r,e, ,h,a,s, ,l,o,c,k,e,d, ,u,p, ,e,v,e,r,y,t,h,i,n,g, ,u,n,d,e,r, ,t,h,e, ,c,o,n,t,r,o,l, ,o,f, ,s,i,n,",", ,s,o, ,t,h,a,t, ,w,h,a,t, ,w,a,s, ,p,r,o,m,i,s,e,d,",", ,b,e,i,n,g, ,g,i,v,e,n, ,t,h,r,o,u,g,h, ,f,a,i,t,h, ,i,n, ,J,e,s,u,s, ,C,h,r,i,s,t,",", ,m,i,g,h,t, ,b,e, ,g,i,v,e,n, ,t,o, ,t,h,o,s,e, ,w,h,o, ,b,e,l,i,e,v,e,.
 ,I, ,h,a,v,e, ,b,e,e,n, ,c,r,u,c,i,f,i,e,d, ,w,i,t,h, ,C,h,r,i,s,t, ,a,n,d, ,I, ,n,o, ,l,o,n,g,e,r, ,l,i,v,e,",", ,b,u,t, ,C,h,r,i,s,t, ,l,i,v,e,s, ,i,n, ,m,e,., ,T,h,e, ,l,i,f,e, ,I, ,n,o,w, ,l,i,v,e, ,i,n, ,t,h,e, ,b,o,d,y,",", ,I, ,l,i,v,e, ,b,y, ,f,a,i,t,h, ,i,n, ,t,h,e, ,S,o,n, ,o,f, ,G,o,d,",", ,w,h,o, ,l,o,v,e,d, ,m,e, ,a,n,d, ,g,a,v,e, ,h,i,m,s,e,l,f, ,f,o,r, ,m,e,.
T,h,e, ,S,o,n, ,i,s, ,t,h,e, ,r,a,d,i,a,n,c,e, ,o,f, ,G,o,d,s, ,g,l,o,r,y, ,a,n,d, ,t,h,e, ,e,x,a,c,t, ,r,e,p,r,e,s,e,n,t,a,t,i,o,n, ,o,f, ,h,i,s, ,b,e,i,n,g,",", ,s,u,s,t,a,i,n,i,n,g, ,a,l,l, ,t,h,i,n,g,s, ,b,y, ,h,i,s, ,p,o,w,e,r,f,u,l, ,w,o,r,d,., ,A,f,t,e,r, ,h,e, ,h,a,d, ,p,r,o,v,i,d,e,d, ,p,u,r,i,f,i,c,a,t,i,o,n, ,f,o,r, ,s,i,n,s,",", ,h,e, ,s,a,t, ,d,o,w,n, ,a,t, ,t,h,e, ,r,i,g,h,t, ,h,a,n,d, ,o,f, ,t,h,e, ,M,a,j,e,s,t,y, ,i,n, ,h,e,a,v,e,n,.
B,u,t, ,w,h,e,n, ,y,o,u, ,a,s,k,",", ,y,o,u, ,m,u,s,t, ,b,e,l,i,e,v,e, ,a,n,d, ,n,o,t, ,d,o,u,b,t,",", ,b,e,c,a,u,s,e, ,t,h,e, ,o,n,e, ,w,h,o, ,d,o,u,b,t,s, ,i,s, ,l,i,k,e, ,a, ,w,a,v,e, ,o,f, ,t,h,e, ,s,e,a,",", ,b,l,o,w,n, ,a,n,d, ,t,o,s,s,e,d, ,b,y, ,t,h,e, ,w,i,n,d,.
 ,Y,e,t, ,t,o, ,a,l,l, ,w,h,o, ,d,i,d, ,r,e,c,e,i,v,e, ,h,i,m,",", ,t,o, ,t,h,o,s,e, ,w,h,o, ,b,e,l,i,e,v,e,d, ,i,n, ,h,i,s, ,n,a,m,e,",", ,h,e, ,g,a,v,e, ,t,h,e, ,r,i,g,h,t, ,t,o, ,b,e,c,o,m,e, ,c,h,i,l,d,r,e,n, ,o,f, ,G,o,d
 ,F,o,r, ,G,o,d, ,s,o, ,l,o,v,e,d, ,t,h,e, ,w,o,r,l,d, ,t,h,a,t, ,h,e, ,g,a,v,e, ,h,i,s, ,o,n,e, ,a,n,d, ,o,n,l,y, ,S,o,n,",", ,t,h,a,t, ,w,h,o,e,v,e,r, ,b,e,l,i,e,v,e,s, ,i,n, ,h,i,m, ,s,h,a,l,l, ,n,o,t, ,p,e,r,i,s,h, ,b,u,t, ,h,a,v,e, ,e,t,e,r,n,a,l, ,l,i,f,e,.
 ,W,h,o,e,v,e,r, ,b,e,l,i,e,v,e,s, ,i,n, ,h,i,m, ,i,s, ,n,o,t, ,c,o,n,d,e,m,n,e,d,",", ,b,u,t, ,w,h,o,e,v,e,r, ,d,o,e,s, ,n,o,t, ,b,e,l,i,e,v,e, ,s,t,a,n,d,s, ,c,o,n,d,e,m,n,e,d, ,a,l,r,e,a,d,y, ,b,e,c,a,u,s,e, ,t,h,e,y, ,h,a,v,e, ,n,o,t, ,b,e,l,i,e,v,e,d, ,i,n, ,t,h,e, ,n,a,m,e, ,o,f, ,G,o,d,s, ,o,n,e, ,a,n,d, ,o,n,l,y, ,S,o,n,.
 ,W,h,o,e,v,e,r, ,b,e,l,i,e,v,e,s, ,i,n, ,t,h,e, ,S,o,n, ,h,a,s, ,e,t,e,r,n,a,l, ,l,i,f,e,",", ,b,u,t, ,w,h,o,e,v,e,r, ,r,e,j,e,c,t,s, ,t,h,e, ,S,o,n, ,w,i,l,l, ,n,o,t, ,s,e,e, ,l,i,f,e,",", ,f,o,r, ,G,o,d,s, ,w,r,a,t,h, ,r,e,m,a,i,n,s, ,o,n, ,t,h,e,m,.
 ,T,h,e,n, ,J,e,s,u,s, ,d,e,c,l,a,r,e,d,",", ,I, ,a,m, ,t,h,e, ,b,r,e,a,d, ,o,f, ,l,i,f,e,., ,W,h,o,e,v,e,r, ,c,o,m,e,s, ,t,o, ,m,e, ,w,i,l,l, ,n,e,v,e,r, ,g,o, ,h,u,n,g,r,y,",", ,a,n,d, ,w,h,o,e,v,e,r, ,b,e,l,i,e,v,e,s, ,i,n, ,m,e, ,w,i,l,l, ,n,e,v,e,r, ,b,e, ,t,h,i,r,s,t,y,.
 ,W,h,o,e,v,e,r, ,b,e,l,i,e,v,e,s, ,i,n, ,m,e,",", ,a,s, ,S,c,r,i,p,t,u,r,e, ,h,a,s, ,s,a,i,d,",", ,r,i,v,e,r,s, ,o,f, ,l,i,v,i,n,g, ,w,a,t,e,r, ,w,i,l,l, ,f,l,o,w, ,f,r,o,m, ,w,i,t,h,i,n, ,t,h,e,m,.
 ,G,o,",", ,s,a,i,d, ,J,e,s,u,s,",", ,y,o,u,r, ,f,a,i,t,h, ,h,a,s, ,h,e,a,l,e,d, ,y,o,u,., ,I,m,m,e,d,i,a,t,e,l,y, ,h,e, ,r,e,c,e,i,v,e,d, ,h,i,s, ,s,i,g,h,t, ,a,n,d, ,f,o,l,l,o,w,e,d, ,J,e,s,u,s, ,a,l,o,n,g, ,t,h,e, ,r,o,a,d,.
 ,T,h,e,r,e,f,o,r,e, ,I, ,t,e,l,l, ,y,o,u,",", ,w,h,a,t,e,v,e,r, ,y,o,u, ,a,s,k, ,f,o,r, ,i,n, ,p,r,a,y,e,r,",", ,b,e,l,i,e,v,e, ,t,h,a,t, ,y,o,u, ,h,a,v,e, ,r,e,c,e,i,v,e,d, ,i,t,",", ,a,n,d, ,i,t, ,w,i,l,l, ,b,e, ,y,o,u,r,s,.
 ,W,h,o,e,v,e,r, ,b,e,l,i,e,v,e,s, ,a,n,d, ,i,s, ,b,a,p,t,i,z,e,d, ,w,i,l,l, ,b,e, ,s,a,v,e,d,",", ,b,u,t, ,w,h,o,e,v,e,r, ,d,o,e,s, ,n,o,t, ,b,e,l,i,e,v,e, ,w,i,l,l, ,b,e, ,c,o,n,d,e,m,n,e,d,.
 ,T,h,e,n, ,J,e,s,u,s, ,s,a,i,d,",", ,D,i,d, ,I, ,n,o,t, ,t,e,l,l, ,y,o,u, ,t,h,a,t, ,i,f, ,y,o,u, ,b,e,l,i,e,v,e,",", ,y,o,u, ,w,i,l,l, ,s,e,e, ,t,h,e, ,g,l,o,r,y, ,o,f, ,G,o,d,?
 ,I, ,h,a,v,e, ,c,h,o,s,e,n, ,t,h,e, ,w,a,y, ,o,f, ,f,a,i,t,h,f,u,l,n,e,s,s,;, ,I, ,h,a,v,e, ,s,e,t, ,m,y, ,h,e,a,r,t, ,o,n, ,y,o,u,r, ,l,a,w,s,.
 ,F,o,r, ,i,n, ,t,h,e, ,g,o,s,p,e,l, ,t,h,e, ,r,i,g,h,t,e,o,u,s,n,e,s,s, ,o,f, ,G,o,d, ,i,s, ,r,e,v,e,a,l,e,d,a, ,r,i,g,h,t,e,o,u,s,n,e,s,s, ,t,h,a,t, ,i,s, ,b,y, ,f,a,i,t,h, ,f,r,o,m, ,f,i,r,s,t, ,t,o, ,l,a,s,t,",", ,j,u,s,t, ,a,s, ,i,t, ,i,s, ,w,r,i,t,t,e,n,:, ,T,h,e, ,r,i,g,h,t,e,o,u,s, ,w,i,l,l, ,l,i,v,e, ,b,y, ,f,a,i,t,h,.
I,f, ,y,o,u, ,d,e,c,l,a,r,e, ,w,i,t,h, ,y,o,u,r, ,m,o,u,t,h,",", ,J,e,s,u,s, ,i,s, ,L,o,r,d,",", ,a,n,d, ,b,e,l,i,e,v,e, ,i,n, ,y,o,u,r, ,h,e,a,r,t, ,t,h,a,t, ,G,o,d, ,r,a,i,s,e,d, ,h,i,m, ,f,r,o,m, ,t,h,e, ,d,e,a,d,",", ,y,o,u, ,w,i,l,l, ,b,e, ,s,a,v,e,d,.
 ,F,o,r, ,i,t, ,i,s, ,w,i,t,h, ,y,o,u,r, ,h,e,a,r,t, ,t,h,a,t, ,y,o,u, ,b,e,l,i,e,v,e, ,a,n,d, ,a,r,e, ,j,u,s,t,i,f,i,e,d,",", ,a,n,d, ,i,t, ,i,s, ,w,i,t,h, ,y,o,u,r, ,m,o,u,t,h, ,t,h,a,t, ,y,o,u, ,p,r,o,f,e,s,s, ,y,o,u,r, ,f,a,i,t,h, ,a,n,d, ,a,r,e, ,s,a,v,e,d,.
 ,H,e, ,r,e,p,l,i,e,d,",", ,B,e,c,a,u,s,e, ,y,o,u, ,h,a,v,e, ,s,o, ,l,i,t,t,l,e, ,f,a,i,t,h,., ,T,r,u,l,y, ,I, ,t,e,l,l, ,y,o,u,",", ,i,f, ,y,o,u, ,h,a,v,e, ,f,a,i,t,h, ,a,s, ,s,m,a,l,l, ,a,s, ,a, ,m,u,s,t,a,r,d, ,s,e,e,d,",", ,y,o,u, ,c,a,n, ,s,a,y, ,t,o, ,t,h,i,s, ,m,o,u,n,t,a,i,n,",", ,M,o,v,e, ,f,r,o,m, ,h,e,r,e, ,t,o, ,t,h,e,r,e,",", ,a,n,d, ,i,t, ,w,i,l,l, ,m,o,v,e,., ,N,o,t,h,i,n,g, ,w,i,l,l, ,b,e, ,i,m,p,o,s,s,i,b,l,e, ,f,o,r, ,y,o,u,.
A,c,c,e,p,t, ,t,h,e, ,o,n,e, ,w,h,o,s,e, ,f,a,i,t,h, ,i,s, ,w,e,a,k,",", ,w,i,t,h,o,u,t, ,q,u,a,r,r,e,l,i,n,g, ,o,v,e,r, ,d,i,s,p,u,t,a,b,l,e, ,m,a,t,t,e,r,s,.
 ,M,a,y, ,t,h,e, ,G,o,d, ,o,f, ,h,o,p,e, ,f,i,l,l, ,y,o,u, ,w,i,t,h, ,a,l,l, ,j,o,y, ,a,n,d, ,p,e,a,c,e, ,a,s, ,y,o,u, ,t,r,u,s,t, ,i,n, ,h,i,m,",", ,s,o, ,t,h,a,t, ,y,o,u, ,m,a,y, ,o,v,e,r,f,l,o,w, ,w,i,t,h, ,h,o,p,e, ,b,y, ,t,h,e, ,p,o,w,e,r, ,o,f, ,t,h,e, ,H,o,l,y, ,S,p,i,r,i,t,.
 ,J,e,s,u,s, ,r,e,p,l,i,e,d,",", ,T,r,u,l,y, ,I, ,t,e,l,l, ,y,o,u,",", ,i,f, ,y,o,u, ,h,a,v,e, ,f,a,i,t,h, ,a,n,d, ,d,o, ,n,o,t, ,d,o,u,b,t,",", ,n,o,t, ,o,n,l,y, ,c,a,n, ,y,o,u, ,d,o, ,w,h,a,t, ,w,a,s, ,d,o,n,e, ,t,o, ,t,h,e, ,f,i,g, ,t,r,e,e,",", ,b,u,t, ,a,l,s,o, ,y,o,u, ,c,a,n, ,s,a,y, ,t,o, ,t,h,i,s, ,m,o,u,n,t,a,i,n,",", ,G,o,",", ,t,h,r,o,w, ,y,o,u,r,s,e,l,f, ,i,n,t,o, ,t,h,e, ,s,e,a,",", ,a,n,d, ,i,t, ,w,i,l,l, ,b,e, ,d,o,n,e,.
 ,W,e, ,w,h,o, ,a,r,e, ,J,e,w,s, ,b,y, ,b,i,r,t,h, ,a,n,d, ,n,o,t, ,s,i,n,f,u,l, ,G,e,n,t,i,l,e,s
 ,k,n,o,w, ,t,h,a,t, ,a, ,p,e,r,s,o,n, ,i,s, ,n,o,t, ,j,u,s,t,i,f,i,e,d, ,b,y, ,t,h,e, ,w,o,r,k,s, ,o,f, ,t,h,e, ,l,a,w,",", ,b,u,t, ,b,y, ,f,a,i,t,h, ,i,n, ,J,e,s,u,s, ,C,h,r,i,s,t,., ,S,o, ,w,e,",", ,t,o,o,",", ,h,a,v,e, ,p,u,t, ,o,u,r, ,f,a,i,t,h, ,i,n, ,C,h,r,i,s,t, ,J,e,s,u,s, ,t,h,a,t, ,w,e, ,m,a,y, ,b,e, ,j,u,s,t,i,f,i,e,d, ,b,y, ,f,a,i,t,h, ,i,n, ,C,h,r,i,s,t, ,a,n,d, ,n,o,t, ,b,y, ,t,h,e, ,w,o,r,k,s, ,o,f, ,t,h,e, ,l,a,w,",", ,b,e,c,a,u,s,e, ,b,y, ,t,h,e, ,w,o,r,k,s, ,o,f, ,t,h,e, ,l,a,w, ,n,o, ,o,n,e, ,w,i,l,l, ,b,e, ,j,u,s,t,i,f,i,e,d,.
 ,J,e,s,u,s, ,s,a,i,d, ,t,o, ,h,e,r,",", ,I, ,a,m, ,t,h,e, ,r,e,s,u,r,r,e,c,t,i,o,n, ,a,n,d, ,t,h,e, ,l,i,f,e,., ,T,h,e, ,o,n,e, ,w,h,o, ,b,e,l,i,e,v,e,s, ,i,n, ,m,e, ,w,i,l,l, ,l,i,v,e,",", ,e,v,e,n, ,t,h,o,u,g,h, ,t,h,e,y, ,d,i,e,;
 ,a,n,d, ,w,h,o,e,v,e,r, ,l,i,v,e,s, ,b,y, ,b,e,l,i,e,v,i,n,g, ,i,n, ,m,e, ,w,i,l,l, ,n,e,v,e,r, ,d,i,e,., ,D,o, ,y,o,u, ,b,e,l,i,e,v,e, ,t,h,i,s,?
 ,I, ,p,r,a,y, ,t,h,a,t, ,o,u,t, ,o,f, ,h,i,s, ,g,l,o,r,i,o,u,s, ,r,i,c,h,e,s, ,h,e, ,m,a,y, ,s,t,r,e,n,g,t,h,e,n, ,y,o,u, ,w,i,t,h, ,p,o,w,e,r, ,t,h,r,o,u,g,h, ,h,i,s, ,S,p,i,r,i,t, ,i,n, ,y,o,u,r, ,i,n,n,e,r, ,b,e,i,n,g,","
 ,s,o, ,t,h,a,t, ,C,h,r,i,s,t, ,m,a,y, ,d,w,e,l,l, ,i,n, ,y,o,u,r, ,h,e,a,r,t,s, ,t,h,r,o,u,g,h, ,f,a,i,t,h,., ,A,n,d, ,I, ,p,r,a,y, ,t,h,a,t, ,y,o,u,",", ,b,e,i,n,g, ,r,o,o,t,e,d, ,a,n,d, ,e,s,t,a,b,l,i,s,h,e,d, ,i,n, ,l,o,v,e,","
 ,I,m,m,e,d,i,a,t,e,l,y, ,J,e,s,u,s, ,r,e,a,c,h,e,d, ,o,u,t, ,h,i,s, ,h,a,n,d, ,a,n,d, ,c,a,u,g,h,t, ,h,i,m,., ,Y,o,u, ,o,f, ,l,i,t,t,l,e, ,f,a,i,t,h,",", ,h,e, ,s,a,i,d,",", ,w,h,y, ,d,i,d, ,y,o,u, ,d,o,u,b,t,?
 ,T,h,e,n, ,J,e,s,u,s, ,s,a,i,d, ,t,o, ,h,e,r,",", ,W,o,m,a,n,",", ,y,o,u, ,h,a,v,e, ,g,r,e,a,t, ,f,a,i,t,h,!, ,Y,o,u,r, ,r,e,q,u,e,s,t, ,i,s, ,g,r,a,n,t,e,d,., ,A,n,d, ,h,e,r, ,d,a,u,g,h,t,e,r, ,w,a,s, ,h,e,a,l,e,d, ,a,t, ,t,h,a,t, ,m,o,m,e,n,t,.
S,o,m,e, ,m,e,n, ,b,r,o,u,g,h,t, ,t,o, ,h,i,m, ,a, ,p,a,r,a,l,y,z,e,d, ,m,a,n,",", ,l,y,i,n,g, ,o,n, ,a, ,m,a,t,., ,W,h,e,n, ,J,e,s,u,s, ,s,a,w, ,t,h,e,i,r, ,f,a,i,t,h,",", ,h,e, ,s,a,i,d, ,t,o, ,t,h,e, ,m,a,n,",", ,T,a,k,e, ,h,e,a,r,t,",", ,s,o,n,;, ,y,o,u,r, ,s,i,n,s, ,a,r,e, ,f,o,r,g,i,v,e,n,.
N,o,w, ,f,a,i,t,h, ,i,s, ,c,o,n,f,i,d,e,n,c,e, ,i,n, ,w,h,a,t, ,w,e, ,h,o,p,e, ,f,o,r, ,a,n,d, ,a,s,s,u,r,a,n,c,e, ,a,b,o,u,t, ,w,h,a,t, ,w,e, ,d,o, ,n,o,t, ,s,e,e,.
 ,T,h,r,o,u,g,h, ,h,i,m, ,y,o,u, ,b,e,l,i,e,v,e, ,i,n, ,G,o,d,",", ,w,h,o, ,r,a,i,s,e,d, ,h,i,m, ,f,r,o,m, ,t,h,e, ,d,e,a,d, ,a,n,d, ,g,l,o,r,i,f,i,e,d, ,h,i,m,",", ,a,n,d, ,s,o, ,y,o,u,r, ,f,a,i,t,h, ,a,n,d, ,h,o,p,e, ,a,r,e, ,i,n, ,G,o,d,.
T,h,e,s,e, ,h,a,v,e, ,c,o,m,e, ,s,o, ,t,h,a,t, ,t,h,e, ,p,r,o,v,e,n, ,g,e,n,u,i,n,e,n,e,s,s, ,o,f, ,y,o,u,r, ,f,a,i,t,h,o,f, ,g,r,e,a,t,e,r, ,w,o,r,t,h, ,t,h,a,n, ,g,o,l,d,",", ,w,h,i,c,h, ,p,e,r,i,s,h,e,s, ,e,v,e,n, ,t,h,o,u,g,h, ,r,e,f,i,n,e,d, ,b,y, ,f,i,r,e,m,a,y, ,r,e,s,u,l,t, ,i,n, ,p,r,a,i,s,e,",", ,g,l,o,r,y, ,a,n,d, ,h,o,n,o,r, ,w,h,e,n, ,J,e,s,u,s, ,C,h,r,i,s,t, ,i,s, ,r,e,v,e,a,l,e,d,.
i,n, ,t,h,e, ,h,o,p,e, ,o,f, ,e,t,e,r,n,a,l, ,l,i,f,e,",", ,w,h,i,c,h, ,G,o,d,",", ,w,h,o, ,d,o,e,s, ,n,o,t, ,l,i,e,",", ,p,r,o,m,i,s,e,d, ,b,e,f,o,r,e, ,t,h,e, ,b,e,g,i,n,n,i,n,g, ,o,f, ,t,i,m,e,","
F,o,r, ,w,e, ,l,i,v,e, ,b,y, ,f,a,i,t,h,",", ,n,o,t, ,b,y, ,s,i,g,h,t,.
 ,A,n,d, ,i,f, ,C,h,r,i,s,t, ,h,a,s, ,n,o,t, ,b,e,e,n, ,r,a,i,s,e,d,",", ,o,u,r, ,p,r,e,a,c,h,i,n,g, ,i,s, ,u,s,e,l,e,s,s, ,a,n,d, ,s,o, ,i,s, ,y,o,u,r, ,f,a,i,t,h,.
 ,M,o,r,e, ,t,h,a,n, ,t,h,a,t,",", ,w,e, ,a,r,e, ,t,h,e,n, ,f,o,u,n,d, ,t,o, ,b,e, ,f,a,l,s,e, ,w,i,t,n,e,s,s,e,s, ,a,b,o,u,t, ,G,o,d,",", ,f,o,r, ,w,e, ,h,a,v,e, ,t,e,s,t,i,f,i,e,d, ,a,b,o,u,t, ,G,o,d, ,t,h,a,t, ,h,e, ,r,a,i,s,e,d, ,C,h,r,i,s,t, ,f,r,o,m, ,t,h,e, ,d,e,a,d,., ,B,u,t, ,h,e, ,d,i,d, ,n,o,t, ,r,a,i,s,e, ,h,i,m, ,i,f, ,i,n, ,f,a,c,t, ,t,h,e, ,d,e,a,d, ,a,r,e, ,n,o,t, ,r,a,i,s,e,d,.
 ,F,o,r, ,i,f, ,t,h,e, ,d,e,a,d, ,a,r,e, ,n,o,t, ,r,a,i,s,e,d,",", ,t,h,e,n, ,C,h,r,i,s,t, ,h,a,s, ,n,o,t, ,b,e,e,n, ,r,a,i,s,e,d, ,e,i,t,h,e,r,.
 ,A,n,d, ,i,f, ,C,h,r,i,s,t, ,h,a,s, ,n,o,t, ,b,e,e,n, ,r,a,i,s,e,d,",", ,y,o,u,r, ,f,a,i,t,h, ,i,s, ,f,u,t,i,l,e,;, ,y,o,u, ,a,r,e, ,s,t,i,l,l, ,i,n, ,y,o,u,r, ,s,i,n,s,.
w,h,o, ,t,h,r,o,u,g,h, ,f,a,i,t,h, ,a,r,e, ,s,h,i,e,l,d,e,d, ,b,y, ,G,o,d,s, ,p,o,w,e,r, ,u,n,t,i,l, ,t,h,e, ,c,o,m,i,n,g, ,o,f, ,t,h,e, ,s,a,l,v,a,t,i,o,n, ,t,h,a,t, ,i,s, ,r,e,a,d,y, ,t,o, ,b,e, ,r,e,v,e,a,l,e,d, ,i,n, ,t,h,e, ,l,a,s,t, ,t,i,m,e,.
I,n, ,a,l,l, ,t,h,i,s, ,y,o,u, ,g,r,e,a,t,l,y, ,r,e,j,o,i,c,e,",", ,t,h,o,u,g,h, ,n,o,w, ,f,o,r, ,a, ,l,i,t,t,l,e, ,w,h,i,l,e, ,y,o,u, ,m,a,y, ,h,a,v,e, ,h,a,d, ,t,o, ,s,u,f,f,e,r, ,g,r,i,e,f, ,i,n, ,a,l,l, ,k,i,n,d,s, ,o,f, ,t,r,i,a,l,s,.
T,h,e,s,e, ,h,a,v,e, ,c,o,m,e, ,s,o, ,t,h,a,t, ,t,h,e, ,p,r,o,v,e,n, ,g,e,n,u,i,n,e,n,e,s,s, ,o,f, ,y,o,u,r, ,f,a,i,t,h,o,f, ,g,r,e,a,t,e,r, ,w,o,r,t,h, ,t,h,a,n, ,g,o,l,d,",", ,w,h,i,c,h, ,p,e,r,i,s,h,e,s, ,e,v,e,n, ,t,h,o,u,g,h, ,r,e,f,i,n,e,d, ,b,y, ,f,i,r,e,m,a,y, ,r,e,s,u,l,t, ,i,n, ,p,r,a,i,s,e,",", ,g,l,o,r,y, ,a,n,d, ,h,o,n,o,r, ,w,h,e,n, ,J,e,s,u,s, ,C,h,r,i,s,t, ,i,s, ,r,e,v,e,a,l,e,d,.
T,h,o,u,g,h, ,y,o,u, ,h,a,v,e, ,n,o,t, ,s,e,e,n, ,h,i,m,",", ,y,o,u, ,l,o,v,e, ,h,i,m,;, ,a,n,d, ,e,v,e,n, ,t,h,o,u,g,h, ,y,o,u, ,d,o, ,n,o,t, ,s,e,e, ,h,i,m, ,n,o,w,",", ,y,o,u, ,b,e,l,i,e,v,e, ,i,n, ,h,i,m, ,a,n,d, ,a,r,e, ,f,i,l,l,e,d, ,w,i,t,h, ,a,n, ,i,n,e,x,p,r,e,s,s,i,b,l,e, ,a,n,d, ,g,l,o,r,i,o,u,s, ,j,o,y,","
f,o,r, ,y,o,u, ,a,r,e, ,r,e,c,e,i,v,i,n,g, ,t,h,e, ,e,n,d, ,r,e,s,u,l,t, ,o,f, ,y,o,u,r, ,f,a,i,t,h,",", ,t,h,e, ,s,a,l,v,a,t,i,o,n, ,o,f, ,y,o,u,r, ,s,o,u,l,s,.
f,o,r, ,e,v,e,r,y,o,n,e, ,b,o,r,n, ,o,f, ,G,o,d, ,o,v,e,r,c,o,m,e,s, ,t,h,e, ,w,o,r,l,d,., ,T,h,i,s, ,i,s, ,t,h,e, ,v,i,c,t,o,r,y, ,t,h,a,t, ,h,a,s, ,o,v,e,r,c,o,m,e, ,t,h,e, ,w,o,r,l,d,",", ,e,v,e,n, ,o,u,r, ,f,a,i,t,h,.
 ,B,e, ,o,n, ,y,o,u,r, ,g,u,a,r,d,;, ,s,t,a,n,d, ,f,i,r,m, ,i,n, ,t,h,e, ,f,a,i,t,h,;, ,b,e, ,c,o,u,r,a,g,e,o,u,s,;, ,b,e, ,s,t,r,o,n,g,.
 ,B,u,t, ,y,o,u,",", ,m,a,n, ,o,f, ,G,o,d,",", ,f,l,e,e, ,f,r,o,m, ,a,l,l, ,t,h,i,s,",", ,a,n,d, ,p,u,r,s,u,e, ,r,i,g,h,t,e,o,u,s,n,e,s,s,",", ,g,o,d,l,i,n,e,s,s,",", ,f,a,i,t,h,",", ,l,o,v,e,",", ,e,n,d,u,r,a,n,c,e, ,a,n,d, ,g,e,n,t,l,e,n,e,s,s,.
R,e,s,i,s,t, ,h,i,m,",", ,s,t,a,n,d,i,n,g, ,f,i,r,m, ,i,n, ,t,h,e, ,f,a,i,t,h,",", ,b,e,c,a,u,s,e, ,y,o,u, ,k,n,o,w, ,t,h,a,t, ,t,h,e, ,f,a,m,i,l,y, ,o,f, ,b,e,l,i,e,v,e,r,s, ,t,h,r,o,u,g,h,o,u,t, ,t,h,e, ,w,o,r,l,d, ,i,s, ,u,n,d,e,r,g,o,i,n,g, ,t,h,e, ,s,a,m,e, ,k,i,n,d, ,o,f, ,s,u,f,f,e,r,i,n,g,s,.
W,e, ,r,e,m,e,m,b,e,r, ,b,e,f,o,r,e, ,o,u,r, ,G,o,d, ,a,n,d, ,F,a,t,h,e,r, ,y,o,u,r, ,w,o,r,k, ,p,r,o,d,u,c,e,d, ,b,y, ,f,a,i,t,h,",", ,y,o,u,r, ,l,a,b,o,r, ,p,r,o,m,p,t,e,d, ,b,y, ,l,o,v,e,",", ,a,n,d, ,y,o,u,r, ,e,n,d,u,r,a,n,c,e, ,i,n,s,p,i,r,e,d, ,b,y, ,h,o,p,e, ,i,n, ,o,u,r, ,L,o,r,d, ,J,e,s,u,s, ,C,h,r,i,s,t,.
s,o, ,t,h,a,t, ,y,o,u,r, ,f,a,i,t,h, ,m,i,g,h,t, ,n,o,t, ,r,e,s,t, ,o,n, ,h,u,m,a,n, ,w,i,s,d,o,m,",", ,b,u,t, ,o,n, ,G,o,d,s, ,p,o,w,e,r,.
N,o,w, ,f,a,i,t,h, ,i,s, ,c,o,n,f,i,d,e,n,c,e, ,i,n, ,w,h,a,t, ,w,e, ,h,o,p,e, ,f,o,r, ,a,n,d, ,a,s,s,u,r,a,n,c,e, ,a,b,o,u,t, ,w,h,a,t, ,w,e, ,d,o, ,n,o,t, ,s,e,e,.
T,h,i,s, ,i,s, ,w,h,a,t, ,t,h,e, ,a,n,c,i,e,n,t,s, ,w,e,r,e, ,c,o,m,m,e,n,d,e,d, ,f,o,r,.
B,y, ,f,a,i,t,h, ,w,e, ,u,n,d,e,r,s,t,a,n,d, ,t,h,a,t, ,t,h,e, ,u,n,i,v,e,r,s,e, ,w,a,s, ,f,o,r,m,e,d, ,a,t, ,G,o,d,s, ,c,o,m,m,a,n,d,",", ,s,o, ,t,h,a,t, ,w,h,a,t, ,i,s, ,s,e,e,n, ,w,a,s, ,n,o,t, ,m,a,d,e, ,o,u,t, ,o,f, ,w,h,a,t, ,w,a,s, ,v,i,s,i,b,l,e,.
B,y, ,f,a,i,t,h, ,A,b,e,l, ,b,r,o,u,g,h,t, ,G,o,d, ,a, ,b,e,t,t,e,r, ,o,f,f,e,r,i,n,g, ,t,h,a,n, ,C,a,i,n, ,d,i,d,., ,B,y, ,f,a,i,t,h, ,h,e, ,w,a,s, ,c,o,m,m,e,n,d,e,d, ,a,s, ,r,i,g,h,t,e,o,u,s,",", ,w,h,e,n, ,G,o,d, ,s,p,o,k,e, ,w,e,l,l, ,o,f, ,h,i,s, ,o,f,f,e,r,i,n,g,s,., ,A,n,d, ,b,y, ,f,a,i,t,h, ,A,b,e,l, ,s,t,i,l,l, ,s,p,e,a,k,s,",", ,e,v,e,n, ,t,h,o,u,g,h, ,h,e, ,i,s, ,d,e,a,d,.
B,y, ,f,a,i,t,h, ,E,n,o,c,h, ,w,a,s, ,t,a,k,e,n, ,f,r,o,m, ,t,h,i,s, ,l,i,f,e,",", ,s,o, ,t,h,a,t, ,h,e, ,d,i,d, ,n,o,t, ,e,x,p,e,r,i,e,n,c,e, ,d,e,a,t,h,:, ,H,e, ,c,o,u,l,d, ,n,o,t, ,b,e, ,f,o,u,n,d,",", ,b,e,c,a,u,s,e, ,G,o,d, ,h,a,d, ,t,a,k,e,n, ,h,i,m, ,a,w,a,y,., ,F,o,r, ,b,e,f,o,r,e, ,h,e, ,w,a,s, ,t,a,k,e,n,",", ,h,e, ,w,a,s, ,c,o,m,m,e,n,d,e,d, ,a,s, ,o,n,e, ,w,h,o, ,p,l,e,a,s,e,d, ,G,o,d,.
A,n,d, ,w,i,t,h,o,u,t, ,f,a,i,t,h, ,i,t, ,i,s, ,i,m,p,o,s,s,i,b,l,e, ,t,o, ,p,l,e,a,s,e, ,G,o,d,",", ,b,e,c,a,u,s,e, ,a,n,y,o,n,e, ,w,h,o, ,c,o,m,e,s, ,t,o, ,h,i,m, ,m,u,s,t, ,b,e,l,i,e,v,e, ,t,h,a,t, ,h,e, ,e,x,i,s,t,s, ,a,n,d, ,t,h,a,t, ,h,e, ,r,e,w,a,r,d,s, ,t,h,o,s,e, ,w,h,o, ,e,a,r,n,e,s,t,l,y, ,s,e,e,k, ,h,i,m,.
B,y, ,f,a,i,t,h, ,N,o,a,h,",", ,w,h,e,n, ,w,a,r,n,e,d, ,a,b,o,u,t, ,t,h,i,n,g,s, ,n,o,t, ,y,e,t, ,s,e,e,n,",", ,i,n, ,h,o,l,y, ,f,e,a,r, ,b,u,i,l,t, ,a,n, ,a,r,k, ,t,o, ,s,a,v,e, ,h,i,s, ,f,a,m,i,l,y,., ,B,y, ,h,i,s, ,f,a,i,t,h, ,h,e, ,c,o,n,d,e,m,n,e,d, ,t,h,e, ,w,o,r,l,d, ,a,n,d, ,b,e,c,a,m,e, ,h,e,i,r, ,o,f, ,t,h,e, ,r,i,g,h,t,e,o,u,s,n,e,s,s, ,t,h,a,t, ,i,s, ,i,n, ,k,e,e,p,i,n,g, ,w,i,t,h, ,f,a,i,t,h,.
B,y, ,f,a,i,t,h, ,A,b,r,a,h,a,m,",", ,w,h,e,n, ,c,a,l,l,e,d, ,t,o, ,g,o, ,t,o, ,a, ,p,l,a,c,e, ,h,e, ,w,o,u,l,d, ,l,a,t,e,r, ,r,e,c,e,i,v,e, ,a,s, ,h,i,s, ,i,n,h,e,r,i,t,a,n,c,e,",", ,o,b,e,y,e,d, ,a,n,d, ,w,e,n,t,",", ,e,v,e,n, ,t,h,o,u,g,h, ,h,e, ,d,i,d, ,n,o,t, ,k,n,o,w, ,w,h,e,r,e, ,h,e, ,w,a,s, ,g,o,i,n,g,.
B,y, ,f,a,i,t,h, ,h,e, ,m,a,d,e, ,h,i,s, ,h,o,m,e, ,i,n, ,t,h,e, ,p,r,o,m,i,s,e,d, ,l,a,n,d, ,l,i,k,e, ,a, ,s,t,r,a,n,g,e,r, ,i,n, ,a, ,f,o,r,e,i,g,n, ,c,o,u,n,t,r,y,;, ,h,e, ,l,i,v,e,d, ,i,n, ,t,e,n,t,s,",", ,a,s, ,d,i,d, ,I,s,a,a,c, ,a,n,d, ,J,a,c,o,b,",", ,w,h,o, ,w,e,r,e, ,h,e,i,r,s, ,w,i,t,h, ,h,i,m, ,o,f, ,t,h,e, ,s,a,m,e, ,p,r,o,m,i,s,e,.
 ,F,o,r, ,h,e, ,w,a,s, ,l,o,o,k,i,n,g, ,f,o,r,w,a,r,d, ,t,o, ,t,h,e, ,c,i,t,y, ,w,i,t,h, ,f,o,u,n,d,a,t,i,o,n,s,",", ,w,h,o,s,e, ,a,r,c,h,i,t,e,c,t, ,a,n,d, ,b,u,i,l,d,e,r, ,i,s, ,G,o,d,.
 ,A,n,d, ,b,y, ,f,a,i,t,h, ,e,v,e,n, ,S,a,r,a,h,",", ,w,h,o, ,w,a,s, ,p,a,s,t, ,c,h,i,l,d,b,e,a,r,i,n,g, ,a,g,e,",", ,w,a,s, ,e,n,a,b,l,e,d, ,t,o, ,b,e,a,r, ,c,h,i,l,d,r,e,n, ,b,e,c,a,u,s,e, ,s,h,e, ,c,o,n,s,i,d,e,r,e,d, ,h,i,m, ,f,a,i,t,h,f,u,l, ,w,h,o, ,h,a,d, ,m,a,d,e, ,t,h,e, ,p,r,o,m,i,s,e,.
 ,A,n,d, ,s,o, ,f,r,o,m, ,t,h,i,s, ,o,n,e, ,m,a,n,",", ,a,n,d, ,h,e, ,a,s, ,g,o,o,d, ,a,s, ,d,e,a,d,",", ,c,a,m,e, ,d,e,s,c,e,n,d,a,n,t,s, ,a,s, ,n,u,m,e,r,o,u,s, ,a,s, ,t,h,e, ,s,t,a,r,s, ,i,n, ,t,h,e, ,s,k,y, ,a,n,d, ,a,s, ,c,o,u,n,t,l,e,s,s, ,a,s, ,t,h,e, ,s,a,n,d, ,o,n, ,t,h,e, ,s,e,a,s,h,o,r,e,.
 ,A,l,l, ,t,h,e,s,e, ,p,e,o,p,l,e, ,w,e,r,e, ,s,t,i,l,l, ,l,i,v,i,n,g, ,b,y, ,f,a,i,t,h, ,w,h,e,n, ,t,h,e,y, ,d,i,e,d,., ,T,h,e,y, ,d,i,d, ,n,o,t, ,r,e,c,e,i,v,e, ,t,h,e, ,t,h,i,n,g,s, ,p,r,o,m,i,s,e,d,;, ,t,h,e,y, ,o,n,l,y, ,s,a,w, ,t,h,e,m, ,a,n,d, ,w,e,l,c,o,m,e,d, ,t,h,e,m, ,f,r,o,m, ,a, ,d,i,s,t,a,n,c,e,",", ,a,d,m,i,t,t,i,n,g, ,t,h,a,t, ,t,h,e,y, ,w,e,r,e, ,f,o,r,e,i,g,n,e,r,s, ,a,n,d, ,s,t,r,a,n,g,e,r,s, ,o,n, ,e,a,r,t,h,.
 ,P,e,o,p,l,e, ,w,h,o, ,s,a,y, ,s,u,c,h, ,t,h,i,n,g,s, ,s,h,o,w, ,t,h,a,t, ,t,h,e,y, ,a,r,e, ,l,o,o,k,i,n,g, ,f,o,r, ,a, ,c,o,u,n,t,r,y, ,o,f, ,t,h,e,i,r, ,o,w,n,.
 ,I,f, ,t,h,e,y, ,h,a,d, ,b,e,e,n, ,t,h,i,n,k,i,n,g, ,o,f, ,t,h,e, ,c,o,u,n,t,r,y, ,t,h,e,y, ,h,a,d, ,l,e,f,t,",", ,t,h,e,y, ,w,o,u,l,d, ,h,a,v,e, ,h,a,d, ,o,p,p,o,r,t,u,n,i,t,y, ,t,o, ,r,e,t,u,r,n,.
 ,I,n,s,t,e,a,d,",", ,t,h,e,y, ,w,e,r,e, ,l,o,n,g,i,n,g, ,f,o,r, ,a, ,b,e,t,t,e,r, ,c,o,u,n,t,r,y,a, ,h,e,a,v,e,n,l,y, ,o,n,e,., ,T,h,e,r,e,f,o,r,e, ,G,o,d, ,i,s, ,n,o,t, ,a,s,h,a,m,e,d, ,t,o, ,b,e, ,c,a,l,l,e,d, ,t,h,e,i,r, ,G,o,d,",", ,f,o,r, ,h,e, ,h,a,s, ,p,r,e,p,a,r,e,d, ,a, ,c,i,t,y, ,f,o,r, ,t,h,e,m,.
 ,B,y, ,f,a,i,t,h, ,A,b,r,a,h,a,m,",", ,w,h,e,n, ,G,o,d, ,t,e,s,t,e,d, ,h,i,m,",", ,o,f,f,e,r,e,d, ,I,s,a,a,c, ,a,s, ,a, ,s,a,c,r,i,f,i,c,e,., ,H,e, ,w,h,o, ,h,a,d, ,e,m,b,r,a,c,e,d, ,t,h,e, ,p,r,o,m,i,s,e,s, ,w,a,s, ,a,b,o,u,t, ,t,o, ,s,a,c,r,i,f,i,c,e, ,h,i,s, ,o,n,e, ,a,n,d, ,o,n,l,y, ,s,o,n,","
 ,e,v,e,n, ,t,h,o,u,g,h, ,G,o,d, ,h,a,d, ,s,a,i,d, ,t,o, ,h,i,m,",", ,I,t, ,i,s, ,t,h,r,o,u,g,h, ,I,s,a,a,c, ,t,h,a,t, ,y,o,u,r, ,o,f,f,s,p,r,i,n,g, ,w,i,l,l, ,b,e, ,r,e,c,k,o,n,e,d,.
 ,A,b,r,a,h,a,m, ,r,e,a,s,o,n,e,d, ,t,h,a,t, ,G,o,d, ,c,o,u,l,d, ,e,v,e,n, ,r,a,i,s,e, ,t,h,e, ,d,e,a,d,",", ,a,n,d, ,s,o, ,i,n, ,a, ,m,a,n,n,e,r, ,o,f, ,s,p,e,a,k,i,n,g, ,h,e, ,d,i,d, ,r,e,c,e,i,v,e, ,I,s,a,a,c, ,b,a,c,k, ,f,r,o,m, ,d,e,a,t,h,.
 ,B,y, ,f,a,i,t,h, ,I,s,a,a,c, ,b,l,e,s,s,e,d, ,J,a,c,o,b, ,a,n,d, ,E,s,a,u, ,i,n, ,r,e,g,a,r,d, ,t,o, ,t,h,e,i,r, ,f,u,t,u,r,e,.
 ,B,y, ,f,a,i,t,h, ,J,a,c,o,b,",", ,w,h,e,n, ,h,e, ,w,a,s, ,d,y,i,n,g,",", ,b,l,e,s,s,e,d, ,e,a,c,h, ,o,f, ,J,o,s,e,p,h,s, ,s,o,n,s,",", ,a,n,d, ,w,o,r,s,h,i,p,e,d, ,a,s, ,h,e, ,l,e,a,n,e,d, ,o,n, ,t,h,e, ,t,o,p, ,o,f, ,h,i,s, ,s,t,a,f,f,.
 ,B,y, ,f,a,i,t,h, ,J,o,s,e,p,h,",", ,w,h,e,n, ,h,i,s, ,e,n,d, ,w,a,s, ,n,e,a,r,",", ,s,p,o,k,e, ,a,b,o,u,t, ,t,h,e, ,e,x,o,d,u,s, ,o,f, ,t,h,e, ,I,s,r,a,e,l,i,t,e,s, ,f,r,o,m, ,E,g,y,p,t, ,a,n,d, ,g,a,v,e, ,i,n,s,t,r,u,c,t,i,o,n,s, ,c,o,n,c,e,r,n,i,n,g, ,t,h,e, ,b,u,r,i,a,l, ,o,f, ,h,i,s, ,b,o,n,e,s,.
 ,B,y, ,f,a,i,t,h, ,M,o,s,e,s, ,p,a,r,e,n,t,s, ,h,i,d, ,h,i,m, ,f,o,r, ,t,h,r,e,e, ,m,o,n,t,h,s, ,a,f,t,e,r, ,h,e, ,w,a,s, ,b,o,r,n,",", ,b,e,c,a,u,s,e, ,t,h,e,y, ,s,a,w, ,h,e, ,w,a,s, ,n,o, ,o,r,d,i,n,a,r,y, ,c,h,i,l,d,",", ,a,n,d, ,t,h,e,y, ,w,e,r,e, ,n,o,t, ,a,f,r,a,i,d, ,o,f, ,t,h,e, ,k,i,n,g,s, ,e,d,i,c,t,.
 ,B,y, ,f,a,i,t,h, ,M,o,s,e,s,",", ,w,h,e,n, ,h,e, ,h,a,d, ,g,r,o,w,n, ,u,p,",", ,r,e,f,u,s,e,d, ,t,o, ,b,e, ,k,n,o,w,n, ,a,s, ,t,h,e, ,s,o,n, ,o,f, ,P,h,a,r,a,o,h,s, ,d,a,u,g,h,t,e,r,.
 ,H,e, ,c,h,o,s,e, ,t,o, ,b,e, ,m,i,s,t,r,e,a,t,e,d, ,a,l,o,n,g, ,w,i,t,h, ,t,h,e, ,p,e,o,p,l,e, ,o,f, ,G,o,d, ,r,a,t,h,e,r, ,t,h,a,n, ,t,o, ,e,n,j,o,y, ,t,h,e, ,f,l,e,e,t,i,n,g, ,p,l,e,a,s,u,r,e,s, ,o,f, ,s,i,n,.
 ,H,e, ,r,e,g,a,r,d,e,d, ,d,i,s,g,r,a,c,e, ,f,o,r, ,t,h,e, ,s,a,k,e, ,o,f, ,C,h,r,i,s,t, ,a,s, ,o,f, ,g,r,e,a,t,e,r, ,v,a,l,u,e, ,t,h,a,n, ,t,h,e, ,t,r,e,a,s,u,r,e,s, ,o,f, ,E,g,y,p,t,",", ,b,e,c,a,u,s,e, ,h,e, ,w,a,s, ,l,o,o,k,i,n,g, ,a,h,e,a,d, ,t,o, ,h,i,s, ,r,e,w,a,r,d,.
 ,B,y, ,f,a,i,t,h, ,h,e, ,l,e,f,t, ,E,g,y,p,t,",", ,n,o,t, ,f,e,a,r,i,n,g, ,t,h,e, ,k,i,n,g,s, ,a,n,g,e,r,;, ,h,e, ,p,e,r,s,e,v,e,r,e,d, ,b,e,c,a,u,s,e, ,h,e, ,s,a,w, ,h,i,m, ,w,h,o, ,i,s, ,i,n,v,i,s,i,b,l,e,.
 ,B,y, ,f,a,i,t,h, ,h,e, ,k,e,p,t, ,t,h,e, ,P,a,s,s,o,v,e,r, ,a,n,d, ,t,h,e, ,a,p,p,l,i,c,a,t,i,o,n, ,o,f, ,b,l,o,o,d,",", ,s,o, ,t,h,a,t, ,t,h,e, ,d,e,s,t,r,o,y,e,r, ,o,f, ,t,h,e, ,f,i,r,s,t,b,o,r,n, ,w,o,u,l,d, ,n,o,t, ,t,o,u,c,h, ,t,h,e, ,f,i,r,s,t,b,o,r,n, ,o,f, ,I,s,r,a,e,l,.
 ,B,y, ,f,a,i,t,h, ,t,h,e, ,p,e,o,p,l,e, ,p,a,s,s,e,d, ,t,h,r,o,u,g,h, ,t,h,e, ,R,e,d, ,S,e,a, ,a,s, ,o,n, ,d,r,y, ,l,a,n,d,;, ,b,u,t, ,w,h,e,n, ,t,h,e, ,E,g,y,p,t,i,a,n,s, ,t,r,i,e,d, ,t,o, ,d,o, ,s,o,",", ,t,h,e,y, ,w,e,r,e, ,d,r,o,w,n,e,d,.
 ,B,y, ,f,a,i,t,h, ,t,h,e, ,w,a,l,l,s, ,o,f, ,J,e,r,i,c,h,o, ,f,e,l,l,",", ,a,f,t,e,r, ,t,h,e, ,a,r,m,y, ,h,a,d, ,m,a,r,c,h,e,d, ,a,r,o,u,n,d, ,t,h,e,m, ,f,o,r, ,s,e,v,e,n, ,d,a,y,s,.
 ,B,y, ,f,a,i,t,h, ,t,h,e, ,p,r,o,s,t,i,t,u,t,e, ,R,a,h,a,b,",", ,b,e,c,a,u,s,e, ,s,h,e, ,w,e,l,c,o,m,e,d, ,t,h,e, ,s,p,i,e,s,",", ,w,a,s, ,n,o,t, ,k,i,l,l,e,d, ,w,i,t,h, ,t,h,o,s,e, ,w,h,o, ,w,e,r,e, ,d,i,s,o,b,e,d,i,e,n,t,.
 ,A,n,d, ,w,h,a,t, ,m,o,r,e, ,s,h,a,l,l, ,I, ,s,a,y,?, ,I, ,d,o, ,n,o,t, ,h,a,v,e, ,t,i,m,e, ,t,o, ,t,e,l,l, ,a,b,o,u,t, ,G,i,d,e,o,n,",", ,B,a,r,a,k,",", ,S,a,m,s,o,n, ,a,n,d, ,J,e,p,h,t,h,a,h,",", ,a,b,o,u,t, ,D,a,v,i,d, ,a,n,d, ,S,a,m,u,e,l, ,a,n,d, ,t,h,e, ,p,r,o,p,h,e,t,s,","
 ,w,h,o, ,t,h,r,o,u,g,h, ,f,a,i,t,h, ,c,o,n,q,u,e,r,e,d, ,k,i,n,g,d,o,m,s,",", ,a,d,m,i,n,i,s,t,e,r,e,d, ,j,u,s,t,i,c,e,",", ,a,n,d, ,g,a,i,n,e,d, ,w,h,a,t, ,w,a,s, ,p,r,o,m,i,s,e,d,;, ,w,h,o, ,s,h,u,t, ,t,h,e, ,m,o,u,t,h,s, ,o,f, ,l,i,o,n,s,","
 ,q,u,e,n,c,h,e,d, ,t,h,e, ,f,u,r,y, ,o,f, ,t,h,e, ,f,l,a,m,e,s,",", ,a,n,d, ,e,s,c,a,p,e,d, ,t,h,e, ,e,d,g,e, ,o,f, ,t,h,e, ,s,w,o,r,d,;, ,w,h,o,s,e, ,w,e,a,k,n,e,s,s, ,w,a,s, ,t,u,r,n,e,d, ,t,o, ,s,t,r,e,n,g,t,h,;, ,a,n,d, ,w,h,o, ,b,e,c,a,m,e, ,p,o,w,e,r,f,u,l, ,i,n, ,b,a,t,t,l,e, ,a,n,d, ,r,o,u,t,e,d, ,f,o,r,e,i,g,n, ,a,r,m,i,e,s,.
 ,W,o,m,e,n, ,r,e,c,e,i,v,e,d, ,b,a,c,k, ,t,h,e,i,r, ,d,e,a,d,",", ,r,a,i,s,e,d, ,t,o, ,l,i,f,e, ,a,g,a,i,n,., ,T,h,e,r,e, ,w,e,r,e, ,o,t,h,e,r,s, ,w,h,o, ,w,e,r,e, ,t,o,r,t,u,r,e,d,",", ,r,e,f,u,s,i,n,g, ,t,o, ,b,e, ,r,e,l,e,a,s,e,d, ,s,o, ,t,h,a,t, ,t,h,e,y, ,m,i,g,h,t, ,g,a,i,n, ,a,n, ,e,v,e,n, ,b,e,t,t,e,r, ,r,e,s,u,r,r,e,c,t,i,o,n,.
 ,S,o,m,e, ,f,a,c,e,d, ,j,e,e,r,s, ,a,n,d, ,f,l,o,g,g,i,n,g,",", ,a,n,d, ,e,v,e,n, ,c,h,a,i,n,s, ,a,n,d, ,i,m,p,r,i,s,o,n,m,e,n,t,.
 ,T,h,e,y, ,w,e,r,e, ,p,u,t, ,t,o, ,d,e,a,t,h, ,b,y, ,s,t,o,n,i,n,g,;, ,t,h,e,y, ,w,e,r,e, ,s,a,w,e,d, ,i,n, ,t,w,o,;, ,t,h,e,y, ,w,e,r,e, ,k,i,l,l,e,d, ,b,y, ,t,h,e, ,s,w,o,r,d,., ,T,h,e,y, ,w,e,n,t, ,a,b,o,u,t, ,i,n, ,s,h,e,e,p,s,k,i,n,s, ,a,n,d, ,g,o,a,t,s,k,i,n,s,",", ,d,e,s,t,i,t,u,t,e,",", ,p,e,r,s,e,c,u,t,e,d, ,a,n,d, ,m,i,s,t,r,e,a,t,e,d
 ,t,h,e, ,w,o,r,l,d, ,w,a,s, ,n,o,t, ,w,o,r,t,h,y, ,o,f, ,t,h,e,m,., ,T,h,e,y, ,w,a,n,d,e,r,e,d, ,i,n, ,d,e,s,e,r,t,s, ,a,n,d, ,m,o,u,n,t,a,i,n,s,",", ,l,i,v,i,n,g, ,i,n, ,c,a,v,e,s, ,a,n,d, ,i,n, ,h,o,l,e,s, ,i,n, ,t,h,e, ,g,r,o,u,n,d,.
 ,T,h,e,s,e, ,w,e,r,e, ,a,l,l, ,c,o,m,m,e,n,d,e,d, ,f,o,r, ,t,h,e,i,r, ,f,a,i,t,h,",", ,y,e,t, ,n,o,n,e, ,o,f, ,t,h,e,m, ,r,e,c,e,i,v,e,d, ,w,h,a,t, ,h,a,d, ,b,e,e,n, ,p,r,o,m,i,s,e,d,","
T,h,e,r,e,f,o,r,e,",", ,b,r,o,t,h,e,r,s, ,a,n,d, ,s,i,s,t,e,r,s,",", ,i,n, ,a,l,l, ,o,u,r, ,d,i,s,t,r,e,s,s, ,a,n,d, ,p,e,r,s,e,c,u,t,i,o,n, ,w,e, ,w,e,r,e, ,e,n,c,o,u,r,a,g,e,d, ,a,b,o,u,t, ,y,o,u, ,b,e,c,a,u,s,e, ,o,f, ,y,o,u,r, ,f,a,i,t,h,.
I,f, ,I, ,h,a,v,e, ,t,h,e, ,g,i,f,t, ,o,f, ,p,r,o,p,h,e,c,y, ,a,n,d, ,c,a,n, ,f,a,t,h,o,m, ,a,l,l, ,m,y,s,t,e,r,i,e,s, ,a,n,d, ,a,l,l, ,k,n,o,w,l,e,d,g,e,",", ,a,n,d, ,i,f, ,I, ,h,a,v,e, ,a, ,f,a,i,t,h, ,t,h,a,t, ,c,a,n, ,m,o,v,e, ,m,o,u,n,t,a,i,n,s,",", ,b,u,t, ,d,o, ,n,o,t, ,h,a,v,e, ,l,o,v,e,",", ,I, ,a,m, ,n,o,t,h,i,n,g,.
 ,N,o,t, ,t,h,a,t, ,w,e, ,l,o,r,d, ,i,t, ,o,v,e,r, ,y,o,u,r, ,f,a,i,t,h,",", ,b,u,t, ,w,e, ,w,o,r,k, ,w,i,t,h, ,y,o,u, ,f,o,r, ,y,o,u,r, ,j,o,y,",", ,b,e,c,a,u,s,e, ,i,t, ,i,s, ,b,y, ,f,a,i,t,h, ,y,o,u, ,s,t,a,n,d, ,f,i,r,m,.
I, ,h,a,v,e, ,f,o,u,g,h,t, ,t,h,e, ,g,o,o,d, ,f,i,g,h,t,",", ,I, ,h,a,v,e, ,f,i,n,i,s,h,e,d, ,t,h,e, ,r,a,c,e,",", ,I, ,h,a,v,e, ,k,e,p,t, ,t,h,e, ,f,a,i,t,h,.
 ,t,o, ,o,p,e,n, ,t,h,e,i,r, ,e,y,e,s, ,a,n,d, ,t,u,r,n, ,t,h,e,m, ,f,r,o,m, ,d,a,r,k,n,e,s,s, ,t,o, ,l,i,g,h,t,",", ,a,n,d, ,f,r,o,m, ,t,h,e, ,p,o,w,e,r, ,o,f, ,S,a,t,a,n, ,t,o, ,G,o,d,",", ,s,o, ,t,h,a,t, ,t,h,e,y, ,m,a,y, ,r,e,c,e,i,v,e, ,f,o,r,g,i,v,e,n,e,s,s, ,o,f, ,s,i,n,s, ,a,n,d, ,a, ,p,l,a,c,e, ,a,m,o,n,g, ,t,h,o,s,e, ,w,h,o, ,a,r,e, ,s,a,n,c,t,i,f,i,e,d, ,b,y, ,f,a,i,t,h, ,i,n, ,m,e,.
F,o,r, ,i,t, ,i,s, ,b,y, ,g,r,a,c,e, ,y,o,u, ,h,a,v,e, ,b,e,e,n, ,s,a,v,e,d,",", ,t,h,r,o,u,g,h, ,f,a,i,t,h,a,n,d, ,t,h,i,s, ,i,s, ,n,o,t, ,f,r,o,m, ,y,o,u,r,s,e,l,v,e,s,",", ,i,t, ,i,s, ,t,h,e, ,g,i,f,t, ,o,f, ,G,o,d
 ,I,n, ,a,d,d,i,t,i,o,n, ,t,o, ,a,l,l, ,t,h,i,s,",", ,t,a,k,e, ,u,p, ,t,h,e, ,s,h,i,e,l,d, ,o,f, ,f,a,i,t,h,",", ,w,i,t,h, ,w,h,i,c,h, ,y,o,u, ,c,a,n, ,e,x,t,i,n,g,u,i,s,h, ,a,l,l, ,t,h,e, ,f,l,a,m,i,n,g, ,a,r,r,o,w,s, ,o,f, ,t,h,e, ,e,v,i,l, ,o,n,e,.
 ,C,l,e,a,r,l,y, ,n,o, ,o,n,e, ,w,h,o, ,r,e,l,i,e,s, ,o,n, ,t,h,e, ,l,a,w, ,i,s, ,j,u,s,t,i,f,i,e,d, ,b,e,f,o,r,e, ,G,o,d,",", ,b,e,c,a,u,s,e, ,t,h,e, ,r,i,g,h,t,e,o,u,s, ,w,i,l,l, ,l,i,v,e, ,b,y, ,f,a,i,t,h,.
 ,T,h,e, ,l,a,w, ,i,s, ,n,o,t, ,b,a,s,e,d, ,o,n, ,f,a,i,t,h,;, ,o,n, ,t,h,e, ,c,o,n,t,r,a,r,y,",", ,i,t, ,s,a,y,s,",", ,T,h,e, ,p,e,r,s,o,n, ,w,h,o, ,d,o,e,s, ,t,h,e,s,e, ,t,h,i,n,g,s, ,w,i,l,l, ,l,i,v,e, ,b,y, ,t,h,e,m,.
 ,B,u,t, ,S,c,r,i,p,t,u,r,e, ,h,a,s, ,l,o,c,k,e,d, ,u,p, ,e,v,e,r,y,t,h,i,n,g, ,u,n,d,e,r, ,t,h,e, ,c,o,n,t,r,o,l, ,o,f, ,s,i,n,",", ,s,o, ,t,h,a,t, ,w,h,a,t, ,w,a,s, ,p,r,o,m,i,s,e,d,",", ,b,e,i,n,g, ,g,i,v,e,n, ,t,h,r,o,u,g,h, ,f,a,i,t,h, ,i,n, ,J,e,s,u,s, ,C,h,r,i,s,t,",", ,m,i,g,h,t, ,b,e, ,g,i,v,e,n, ,t,o, ,t,h,o,s,e, ,w,h,o, ,b,e,l,i,e,v,e,.
 ,B,e,f,o,r,e, ,t,h,e, ,c,o,m,i,n,g, ,o,f, ,t,h,i,s, ,f,a,i,t,h,",", ,w,e, ,w,e,r,e, ,h,e,l,d, ,i,n, ,c,u,s,t,o,d,y, ,u,n,d,e,r, ,t,h,e, ,l,a,w,",", ,l,o,c,k,e,d, ,u,p, ,u,n,t,i,l, ,t,h,e, ,f,a,i,t,h, ,t,h,a,t, ,w,a,s, ,t,o, ,c,o,m,e, ,w,o,u,l,d, ,b,e, ,r,e,v,e,a,l,e,d,.
 ,S,o, ,t,h,e, ,l,a,w, ,w,a,s, ,o,u,r, ,g,u,a,r,d,i,a,n, ,u,n,t,i,l, ,C,h,r,i,s,t, ,c,a,m,e, ,t,h,a,t, ,w,e, ,m,i,g,h,t, ,b,e, ,j,u,s,t,i,f,i,e,d, ,b,y, ,f,a,i,t,h,.
 ,N,o,w, ,t,h,a,t, ,t,h,i,s, ,f,a,i,t,h, ,h,a,s, ,c,o,m,e,",", ,w,e, ,a,r,e, ,n,o, ,l,o,n,g,e,r, ,u,n,d,e,r, ,a, ,g,u,a,r,d,i,a,n,.
 ,S,o, ,i,n, ,C,h,r,i,s,t, ,J,e,s,u,s, ,y,o,u, ,a,r,e, ,a,l,l, ,c,h,i,l,d,r,e,n, ,o,f, ,G,o,d, ,t,h,r,o,u,g,h, ,f,a,i,t,h,","
F,o,r, ,t,h,r,o,u,g,h, ,t,h,e, ,S,p,i,r,i,t, ,w,e, ,e,a,g,e,r,l,y, ,a,w,a,i,t, ,b,y, ,f,a,i,t,h, ,t,h,e, ,r,i,g,h,t,e,o,u,s,n,e,s,s, ,f,o,r, ,w,h,i,c,h, ,w,e, ,h,o,p,e,.
 ,l,e,t, ,u,s, ,d,r,a,w, ,n,e,a,r, ,t,o, ,G,o,d, ,w,i,t,h, ,a, ,s,i,n,c,e,r,e, ,h,e,a,r,t, ,a,n,d, ,w,i,t,h, ,t,h,e, ,f,u,l,l, ,a,s,s,u,r,a,n,c,e, ,t,h,a,t, ,f,a,i,t,h, ,b,r,i,n,g,s,",", ,h,a,v,i,n,g, ,o,u,r, ,h,e,a,r,t,s, ,s,p,r,i,n,k,l,e,d, ,t,o, ,c,l,e,a,n,s,e, ,u,s, ,f,r,o,m, ,a, ,g,u,i,l,t,y, ,c,o,n,s,c,i,e,n,c,e, ,a,n,d, ,h,a,v,i,n,g, ,o,u,r, ,b,o,d,i,e,s, ,w,a,s,h,e,d, ,w,i,t,h, ,p,u,r,e, ,w,a,t,e,r,.
S,e,e,",", ,t,h,e, ,e,n,e,m,y, ,i,s, ,p,u,f,f,e,d, ,u,p,;, ,h,i,s, ,d,e,s,i,r,e,s, ,a,r,e, ,n,o,t, ,u,p,r,i,g,h,t, ,b,u,t, ,t,h,e, ,r,i,g,h,t,e,o,u,s, ,p,e,r,s,o,n, ,w,i,l,l, ,l,i,v,e, ,b,y, ,h,i,s, ,f,a,i,t,h,f,u,l,n,e,s,s, 
f,i,x,i,n,g, ,o,u,r, ,e,y,e,s, ,o,n, ,J,e,s,u,s,",", ,t,h,e, ,p,i,o,n,e,e,r, ,a,n,d, ,p,e,r,f,e,c,t,e,r, ,o,f, ,f,a,i,t,h,., ,F,o,r, ,t,h,e, ,j,o,y, ,s,e,t, ,b,e,f,o,r,e, ,h,i,m, ,h,e, ,e,n,d,u,r,e,d, ,t,h,e, ,c,r,o,s,s,",", ,s,c,o,r,n,i,n,g, ,i,t,s, ,s,h,a,m,e,",", ,a,n,d, ,s,a,t, ,d,o,w,n, ,a,t, ,t,h,e, ,r,i,g,h,t, ,h,a,n,d, ,o,f, ,t,h,e, ,t,h,r,o,n,e, ,o,f, ,G,o,d,.
b,e,c,a,u,s,e, ,y,o,u, ,k,n,o,w, ,t,h,a,t, ,t,h,e, ,t,e,s,t,i,n,g, ,o,f, ,y,o,u,r, ,f,a,i,t,h, ,p,r,o,d,u,c,e,s, ,p,e,r,s,e,v,e,r,a,n,c,e,.
 ,V,e,r,y, ,t,r,u,l,y, ,I, ,t,e,l,l, ,y,o,u,",", ,w,h,o,e,v,e,r, ,b,e,l,i,e,v,e,s, ,i,n, ,m,e, ,w,i,l,l, ,d,o, ,t,h,e, ,w,o,r,k,s, ,I, ,h,a,v,e, ,b,e,e,n, ,d,o,i,n,g,",", ,a,n,d, ,t,h,e,y, ,w,i,l,l, ,d,o, ,e,v,e,n, ,g,r,e,a,t,e,r, ,t,h,i,n,g,s, ,t,h,a,n, ,t,h,e,s,e,",", ,b,e,c,a,u,s,e, ,I, ,a,m, ,g,o,i,n,g, ,t,o, ,t,h,e, ,F,a,t,h,e,r,.
H,e, ,r,e,p,l,i,e,d,",", ,I,f, ,y,o,u, ,h,a,v,e, ,f,a,i,t,h, ,a,s, ,s,m,a,l,l, ,a,s, ,a, ,m,u,s,t,a,r,d, ,s,e,e,d,",", ,y,o,u, ,c,a,n, ,s,a,y, ,t,o, ,t,h,i,s, ,m,u,l,b,e,r,r,y, ,t,r,e,e,",", ,B,e, ,u,p,r,o,o,t,e,d, ,a,n,d, ,p,l,a,n,t,e,d, ,i,n, ,t,h,e, ,s,e,a,",", ,a,n,d, ,i,t, ,w,i,l,l, ,o,b,e,y, ,y,o,u,.
 ,C,o,n,s,e,q,u,e,n,t,l,y,",", ,f,a,i,t,h, ,c,o,m,e,s, ,f,r,o,m, ,h,e,a,r,i,n,g, ,t,h,e, ,m,e,s,s,a,g,e,",", ,a,n,d, ,t,h,e, ,m,e,s,s,a,g,e, ,i,s, ,h,e,a,r,d, ,t,h,r,o,u,g,h, ,t,h,e, ,w,o,r,d, ,a,b,o,u,t, ,C,h,r,i,s,t,.
 ,A,n,d, ,m,y, ,G,o,d, ,w,i,l,l, ,m,e,e,t, ,a,l,l, ,y,o,u,r, ,n,e,e,d,s, ,a,c,c,o,r,d,i,n,g, ,t,o, ,t,h,e, ,r,i,c,h,e,s, ,o,f, ,h,i,s, ,g,l,o,r,y, ,i,n, ,C,h,r,i,s,t, ,J,e,s,u,s,.
 ,E,v,e,r,y, ,g,o,o,d, ,a,n,d, ,p,e,r,f,e,c,t, ,g,i,f,t, ,i,s, ,f,r,o,m, ,a,b,o,v,e,",", ,c,o,m,i,n,g, ,d,o,w,n, ,f,r,o,m, ,t,h,e, ,F,a,t,h,e,r, ,o,f, ,t,h,e, ,h,e,a,v,e,n,l,y, ,l,i,g,h,t,s,",", ,w,h,o, ,d,o,e,s, ,n,o,t, ,c,h,a,n,g,e, ,l,i,k,e, ,s,h,i,f,t,i,n,g, ,s,h,a,d,o,w,s,.
 ,S,o, ,d,o, ,n,o,t, ,f,e,a,r,",", ,f,o,r, ,I, ,a,m, ,w,i,t,h, ,y,o,u,;, ,d,o, ,n,o,t, ,b,e, ,d,i,s,m,a,y,e,d,",", ,f,o,r, ,I, ,a,m, ,y,o,u,r, ,G,o,d,., ,I, ,w,i,l,l, ,s,t,r,e,n,g,t,h,e,n, ,y,o,u, ,a,n,d, ,h,e,l,p, ,y,o,u,;, ,I, ,w,i,l,l, ,u,p,h,o,l,d, ,y,o,u, ,w,i,t,h, ,m,y, ,r,i,g,h,t,e,o,u,s, ,r,i,g,h,t, ,h,a,n,d,.
 ,O,u,t, ,o,f, ,h,i,s, ,f,u,l,l,n,e,s,s, ,w,e, ,h,a,v,e, ,a,l,l, ,r,e,c,e,i,v,e,d, ,g,r,a,c,e, ,i,n, ,p,l,a,c,e, ,o,f, ,g,r,a,c,e, ,a,l,r,e,a,d,y, ,g,i,v,e,n,.
 ,a,n,d, ,s,a,i,d,",", ,I, ,s,w,e,a,r, ,b,y, ,m,y,s,e,l,f,",", ,d,e,c,l,a,r,e,s, ,t,h,e, ,L,O,R,D,",", ,t,h,a,t, ,b,e,c,a,u,s,e, ,y,o,u, ,h,a,v,e, ,d,o,n,e, ,t,h,i,s, ,a,n,d, ,h,a,v,e, ,n,o,t, ,w,i,t,h,h,e,l,d, ,y,o,u,r, ,s,o,n,",", ,y,o,u,r, ,o,n,l,y, ,s,o,n,","
 ,I, ,w,i,l,l, ,s,u,r,e,l,y, ,b,l,e,s,s, ,y,o,u, ,a,n,d, ,m,a,k,e, ,y,o,u,r, ,d,e,s,c,e,n,d,a,n,t,s, ,a,s, ,n,u,m,e,r,o,u,s, ,a,s, ,t,h,e, ,s,t,a,r,s, ,i,n, ,t,h,e, ,s,k,y, ,a,n,d, ,a,s, ,t,h,e, ,s,a,n,d, ,o,n, ,t,h,e, ,s,e,a,s,h,o,r,e,., ,Y,o,u,r, ,d,e,s,c,e,n,d,a,n,t,s, ,w,i,l,l, ,t,a,k,e, ,p,o,s,s,e,s,s,i,o,n, ,o,f, ,t,h,e, ,c,i,t,i,e,s, ,o,f, ,t,h,e,i,r, ,e,n,e,m,i,e,s,","
 ,M,a,y, ,G,o,d, ,g,i,v,e, ,y,o,u, ,h,e,a,v,e,n,s, ,d,e,w, ,a,n,d, ,e,a,r,t,h,s, ,r,i,c,h,n,e,s,s, ,a,n, ,a,b,u,n,d,a,n,c,e, ,o,f, ,g,r,a,i,n, ,a,n,d, ,n,e,w, ,w,i,n,e,.
 ,M,a,y, ,n,a,t,i,o,n,s, ,s,e,r,v,e, ,y,o,u, ,a,n,d, ,p,e,o,p,l,e,s, ,b,o,w, ,d,o,w,n, ,t,o, ,y,o,u,., ,B,e, ,l,o,r,d, ,o,v,e,r, ,y,o,u,r, ,b,r,o,t,h,e,r,s,",", ,a,n,d, ,m,a,y, ,t,h,e, ,s,o,n,s, ,o,f, ,y,o,u,r, ,m,o,t,h,e,r, ,b,o,w, ,d,o,w,n, ,t,o, ,y,o,u,., ,M,a,y, ,t,h,o,s,e, ,w,h,o, ,c,u,r,s,e, ,y,o,u, ,b,e, ,c,u,r,s,e,d, ,a,n,d, ,t,h,o,s,e, ,w,h,o, ,b,l,e,s,s, ,y,o,u, ,b,e, ,b,l,e,s,s,e,d,.
B,l,e,s,s,e,d, ,i,s, ,t,h,e, ,o,n,e, ,w,h,o, ,d,o,e,s, ,n,o,t, ,w,a,l,k, ,i,n, ,s,t,e,p, ,w,i,t,h, ,t,h,e, ,w,i,c,k,e,d, ,o,r, ,s,t,a,n,d, ,i,n, ,t,h,e, ,w,a,y, ,t,h,a,t, ,s,i,n,n,e,r,s, ,t,a,k,e, ,o,r, ,s,i,t, ,i,n, ,t,h,e, ,c,o,m,p,a,n,y, ,o,f, ,m,o,c,k,e,r,s,","
b,u,t, ,w,h,o,s,e, ,d,e,l,i,g,h,t, ,i,s, ,i,n, ,t,h,e, ,l,a,w, ,o,f, ,t,h,e, ,L,O,R,D,",", ,a,n,d, ,w,h,o, ,m,e,d,i,t,a,t,e,s, ,o,n, ,h,i,s, ,l,a,w, ,d,a,y, ,a,n,d, ,n,i,g,h,t,.
T,h,a,t, ,p,e,r,s,o,n, ,i,s, ,l,i,k,e, ,a, ,t,r,e,e, ,p,l,a,n,t,e,d, ,b,y, ,s,t,r,e,a,m,s, ,o,f, ,w,a,t,e,r,",", ,w,h,i,c,h, ,y,i,e,l,d,s, ,i,t,s, ,f,r,u,i,t, ,i,n, ,s,e,a,s,o,n, ,a,n,d, ,w,h,o,s,e, ,l,e,a,f, ,d,o,e,s, ,n,o,t, ,w,i,t,h,e,r, ,w,h,a,t,e,v,e,r, ,t,h,e,y, ,d,o, ,p,r,o,s,p,e,r,s,.
T,h,e, ,L,O,R,D, ,i,s, ,m,y, ,s,h,e,p,h,e,r,d,",", ,I, ,l,a,c,k, ,n,o,t,h,i,n,g,.
H,e, ,m,a,k,e,s, ,m,e, ,l,i,e, ,d,o,w,n, ,i,n, ,g,r,e,e,n, ,p,a,s,t,u,r,e,s,",", ,h,e, ,l,e,a,d,s, ,m,e, ,b,e,s,i,d,e, ,q,u,i,e,t, ,w,a,t,e,r,s,","
h,e, ,r,e,f,r,e,s,h,e,s, ,m,y, ,s,o,u,l,., ,H,e, ,g,u,i,d,e,s, ,m,e, ,a,l,o,n,g, ,t,h,e, ,r,i,g,h,t, ,p,a,t,h,s, ,f,o,r, ,h,i,s, ,n,a,m,e,s, ,s,a,k,e,.
E,v,e,n, ,t,h,o,u,g,h, ,I, ,w,a,l,k, ,t,h,r,o,u,g,h, ,t,h,e, ,d,a,r,k,e,s,t, ,v,a,l,l,e,y,",",I, ,w,i,l,l, ,f,e,a,r, ,n,o, ,e,v,i,l,",", ,f,o,r, ,y,o,u, ,a,r,e, ,w,i,t,h, ,m,e,;, ,y,o,u,r, ,r,o,d, ,a,n,d, ,y,o,u,r, ,s,t,a,f,f,",", ,t,h,e,y, ,c,o,m,f,o,r,t, ,m,e,.
m,y, ,G,o,d, ,i,s, ,m,y, ,r,o,c,k,",", ,i,n, ,w,h,o,m, ,I, ,t,a,k,e, ,r,e,f,u,g,e,",", ,m,y, ,s,h,i,e,l,d, ,a,n,d, ,t,h,e, ,h,o,r,n, ,o,f, ,m,y, ,s,a,l,v,a,t,i,o,n,., ,H,e, ,i,s, ,m,y, ,s,t,r,o,n,g,h,o,l,d,",", ,m,y, ,r,e,f,u,g,e, ,a,n,d, ,m,y, ,s,a,v,i,o,r, ,f,r,o,m, ,v,i,o,l,e,n,t, ,p,e,o,p,l,e, ,y,o,u, ,s,a,v,e, ,m,e,.
I, ,c,a,l,l,e,d, ,t,o, ,t,h,e, ,L,O,R,D,",", ,w,h,o, ,i,s, ,w,o,r,t,h,y, ,o,f, ,p,r,a,i,s,e,",", ,a,n,d, ,h,a,v,e, ,b,e,e,n, ,s,a,v,e,d, ,f,r,o,m, ,m,y, ,e,n,e,m,i,e,s,.
 ,W,e, ,k,n,o,w, ,t,h,a,t, ,a,n,y,o,n,e, ,b,o,r,n, ,o,f, ,G,o,d, ,d,o,e,s, ,n,o,t, ,c,o,n,t,i,n,u,e, ,t,o, ,s,i,n,;, ,t,h,e, ,O,n,e, ,w,h,o, ,w,a,s, ,b,o,r,n, ,o,f, ,G,o,d, ,k,e,e,p,s, ,t,h,e,m, ,s,a,f,e,",", ,a,n,d, ,t,h,e, ,e,v,i,l, ,o,n,e, ,c,a,n,n,o,t, ,h,a,r,m, ,t,h,e,m,.
T,h,o,u,g,h, ,I, ,w,a,l,k, ,i,n, ,t,h,e, ,m,i,d,s,t, ,o,f, ,t,r,o,u,b,l,e,",", ,y,o,u, ,p,r,e,s,e,r,v,e, ,m,y, ,l,i,f,e,., ,Y,o,u, ,s,t,r,e,t,c,h, ,o,u,t, ,y,o,u,r, ,h,a,n,d, ,a,g,a,i,n,s,t, ,t,h,e, ,a,n,g,e,r, ,o,f, ,m,y, ,f,o,e,s,;, ,w,i,t,h, ,y,o,u,r, ,r,i,g,h,t, ,h,a,n,d, ,y,o,u, ,s,a,v,e, ,m,e,.
A,n,d, ,G,o,d, ,i,s, ,a,b,l,e, ,t,o, ,b,l,e,s,s, ,y,o,u, ,a,b,u,n,d,a,n,t,l,y,",", ,s,o, ,t,h,a,t, ,i,n, ,a,l,l, ,t,h,i,n,g,s, ,a,t, ,a,l,l, ,t,i,m,e,s,",", ,h,a,v,i,n,g, ,a,l,l, ,t,h,a,t, ,y,o,u, ,n,e,e,d,",", ,y,o,u, ,w,i,l,l, ,a,b,o,u,n,d, ,i,n, ,e,v,e,r,y, ,g,o,o,d, ,w,o,r,k,.
A,n,d, ,t,h,e, ,p,e,a,c,e, ,o,f, ,G,o,d,",", ,w,h,i,c,h, ,t,r,a,n,s,c,e,n,d,s, ,a,l,l, ,u,n,d,e,r,s,t,a,n,d,i,n,g,",", ,w,i,l,l, ,g,u,a,r,d, ,y,o,u,r, ,h,e,a,r,t,s, ,a,n,d, ,y,o,u,r, ,m,i,n,d,s, ,i,n, ,C,h,r,i,s,t, ,J,e,s,u,s,.
T,h,e, ,L,O,R,D, ,h,i,m,s,e,l,f, ,g,o,e,s, ,b,e,f,o,r,e, ,y,o,u, ,a,n,d, ,w,i,l,l, ,b,e, ,w,i,t,h, ,y,o,u,;, ,h,e, ,w,i,l,l, ,n,e,v,e,r, ,l,e,a,v,e, ,y,o,u, ,n,o,r, ,f,o,r,s,a,k,e, ,y,o,u,., ,D,o, ,n,o,t, ,b,e, ,a,f,r,a,i,d,;, ,d,o, ,n,o,t, ,b,e, ,d,i,s,c,o,u,r,a,g,e,d,.
S,o, ,M,o,s,e,s, ,w,r,o,t,e, ,d,o,w,n, ,t,h,i,s, ,l,a,w, ,a,n,d, ,g,a,v,e, ,i,t, ,t,o, ,t,h,e, ,L,e,v,i,t,i,c,a,l, ,p,r,i,e,s,t,s,",", ,w,h,o, ,c,a,r,r,i,e,d, ,t,h,e, ,a,r,k, ,o,f, ,t,h,e, ,c,o,v,e,n,a,n,t, ,o,f, ,t,h,e, ,L,O,R,D,",", ,a,n,d, ,t,o, ,a,l,l, ,t,h,e, ,e,l,d,e,r,s, ,o,f, ,I,s,r,a,e,l,.
H,a,v,e, ,I, ,n,o,t, ,c,o,m,m,a,n,d,e,d, ,y,o,u,?, ,B,e, ,s,t,r,o,n,g, ,a,n,d, ,c,o,u,r,a,g,e,o,u,s,., ,D,o, ,n,o,t, ,b,e, ,a,f,r,a,i,d,;, ,d,o, ,n,o,t, ,b,e, ,d,i,s,c,o,u,r,a,g,e,d,",", ,f,o,r, ,t,h,e, ,L,O,R,D, ,y,o,u,r, ,G,o,d, ,w,i,l,l, ,b,e, ,w,i,t,h, ,y,o,u, ,w,h,e,r,e,v,e,r, ,y,o,u, ,g,o,.
 ,S,o, ,J,o,s,h,u,a, ,o,r,d,e,r,e,d, ,t,h,e, ,o,f,f,i,c,e,r,s, ,o,f, ,t,h,e, ,p,e,o,p,l,e,:
E,v,e,n, ,t,h,o,u,g,h, ,I, ,w,a,l,k, ,t,h,r,o,u,g,h, ,t,h,e, ,d,a,r,k,e,s,t, ,v,a,l,l,e,y,",",I, ,w,i,l,l, ,f,e,a,r, ,n,o, ,e,v,i,l,",", ,f,o,r, ,y,o,u, ,a,r,e, ,w,i,t,h, ,m,e,;, ,y,o,u,r, ,r,o,d, ,a,n,d, ,y,o,u,r, ,s,t,a,f,f,",", ,t,h,e,y, ,c,o,m,f,o,r,t, ,m,e,.
T,h,e, ,L,O,R,D, ,i,s, ,m,y, ,l,i,g,h,t, ,a,n,d, ,m,y, ,s,a,l,v,a,t,i,o,n, ,w,h,o,m, ,s,h,a,l,l, ,I, ,f,e,a,r,?, ,T,h,e, ,L,O,R,D, ,i,s, ,t,h,e, ,s,t,r,o,n,g,h,o,l,d, ,o,f, ,m,y, ,l,i,f,e, ,o,f, ,w,h,o,m, ,s,h,a,l,l, ,I, ,b,e, ,a,f,r,a,i,d,?
 ,G,i,v,e, ,m,e, ,a, ,s,i,g,n, ,o,f, ,y,o,u,r, ,g,o,o,d,n,e,s,s,",", ,t,h,a,t, ,m,y, ,e,n,e,m,i,e,s, ,m,a,y, ,s,e,e, ,i,t, ,a,n,d, ,b,e, ,p,u,t, ,t,o, ,s,h,a,m,e,",", ,f,o,r, ,y,o,u,",", ,L,O,R,D,",", ,h,a,v,e, ,h,e,l,p,e,d, ,m,e, ,a,n,d, ,c,o,m,f,o,r,t,e,d, ,m,e,.
 ,M,a,y, ,y,o,u,r, ,u,n,f,a,i,l,i,n,g, ,l,o,v,e, ,b,e, ,m,y, ,c,o,m,f,o,r,t,",", ,a,c,c,o,r,d,i,n,g, ,t,o, ,y,o,u,r, ,p,r,o,m,i,s,e, ,t,o, ,y,o,u,r, ,s,e,r,v,a,n,t,.
T,h,e, ,L,O,R,D, ,i,s, ,a, ,r,e,f,u,g,e, ,f,o,r, ,t,h,e, ,o,p,p,r,e,s,s,e,d,",", ,a, ,s,t,r,o,n,g,h,o,l,d, ,i,n, ,t,i,m,e,s, ,o,f, ,t,r,o,u,b,l,e,.
G,o,d, ,i,s, ,o,u,r, ,r,e,f,u,g,e, ,a,n,d, ,s,t,r,e,n,g,t,h,",", ,a,n, ,e,v,e,r,-,p,r,e,s,e,n,t, ,h,e,l,p, ,i,n, ,t,r,o,u,b,l,e,.
I, ,l,o,v,e, ,t,h,e, ,L,O,R,D,",", ,f,o,r, ,h,e, ,h,e,a,r,d, ,m,y, ,v,o,i,c,e,;, ,h,e, ,h,e,a,r,d, ,m,y, ,c,r,y, ,f,o,r, ,m,e,r,c,y,.
B,e,c,a,u,s,e, ,h,e, ,t,u,r,n,e,d, ,h,i,s, ,e,a,r, ,t,o, ,m,e,",", ,I, ,w,i,l,l, ,c,a,l,l, ,o,n, ,h,i,m, ,a,s, ,l,o,n,g, ,a,s, ,I, ,l,i,v,e,.
 ,I, ,r,e,a,c,h, ,o,u,t, ,f,o,r, ,y,o,u,r, ,c,o,m,m,a,n,d,s,",", ,w,h,i,c,h, ,I, ,l,o,v,e,",", ,t,h,a,t, ,I, ,m,a,y, ,m,e,d,i,t,a,t,e, ,o,n, ,y,o,u,r, ,d,e,c,r,e,e,s,.
 ,R,e,m,e,m,b,e,r, ,y,o,u,r, ,w,o,r,d, ,t,o, ,y,o,u,r, ,s,e,r,v,a,n,t,",", ,f,o,r, ,y,o,u, ,h,a,v,e, ,g,i,v,e,n, ,m,e, ,h,o,p,e,.
 ,M,y, ,c,o,m,f,o,r,t, ,i,n, ,m,y, ,s,u,f,f,e,r,i,n,g, ,i,s, ,t,h,i,s,:, ,Y,o,u,r, ,p,r,o,m,i,s,e, ,p,r,e,s,e,r,v,e,s, ,m,y, ,l,i,f,e,.
 ,T,h,e, ,a,r,r,o,g,a,n,t, ,m,o,c,k, ,m,e, ,u,n,m,e,r,c,i,f,u,l,l,y,",", ,b,u,t, ,I, ,d,o, ,n,o,t, ,t,u,r,n, ,f,r,o,m, ,y,o,u,r, ,l,a,w,.
 ,I, ,r,e,m,e,m,b,e,r,",", ,L,O,R,D,",", ,y,o,u,r, ,a,n,c,i,e,n,t, ,l,a,w,s,",", ,a,n,d, ,I, ,f,i,n,d, ,c,o,m,f,o,r,t, ,i,n, ,t,h,e,m,.
 ,F,o,r, ,n,o, ,o,n,e, ,i,s, ,c,a,s,t, ,o,f,f, ,b,y, ,t,h,e, ,L,o,r,d, ,f,o,r,e,v,e,r,.
 ,T,h,o,u,g,h, ,h,e, ,b,r,i,n,g,s, ,g,r,i,e,f,",", ,h,e, ,w,i,l,l, ,s,h,o,w, ,c,o,m,p,a,s,s,i,o,n,",", ,s,o, ,g,r,e,a,t, ,i,s, ,h,i,s, ,u,n,f,a,i,l,i,n,g, ,l,o,v,e,.
 ,F,o,r, ,h,e, ,d,o,e,s, ,n,o,t, ,w,i,l,l,i,n,g,l,y, ,b,r,i,n,g, ,a,f,f,l,i,c,t,i,o,n, ,o,r, ,g,r,i,e,f, ,t,o, ,a,n,y,o,n,e,.
 ,T,o, ,c,r,u,s,h, ,u,n,d,e,r,f,o,o,t, ,a,l,l, ,p,r,i,s,o,n,e,r,s, ,i,n, ,t,h,e, ,l,a,n,d,","
 ,t,o, ,d,e,n,y, ,p,e,o,p,l,e, ,t,h,e,i,r, ,r,i,g,h,t,s, ,b,e,f,o,r,e, ,t,h,e, ,M,o,s,t, ,H,i,g,h,","
 ,t,o, ,d,e,p,r,i,v,e, ,t,h,e,m, ,o,f, ,j,u,s,t,i,c,e, ,w,o,u,l,d, ,n,o,t, ,t,h,e, ,L,o,r,d, ,s,e,e, ,s,u,c,h, ,t,h,i,n,g,s,?
 ,W,h,o, ,c,a,n, ,s,p,e,a,k, ,a,n,d, ,h,a,v,e, ,i,t, ,h,a,p,p,e,n, ,i,f, ,t,h,e, ,L,o,r,d, ,h,a,s, ,n,o,t, ,d,e,c,r,e,e,d, ,i,t,?
 ,I,s, ,i,t, ,n,o,t, ,f,r,o,m, ,t,h,e, ,m,o,u,t,h, ,o,f, ,t,h,e, ,M,o,s,t, ,H,i,g,h, ,t,h,a,t, ,b,o,t,h, ,c,a,l,a,m,i,t,i,e,s, ,a,n,d, ,g,o,o,d, ,t,h,i,n,g,s, ,c,o,m,e,?
 ,W,h,y, ,s,h,o,u,l,d, ,t,h,e, ,l,i,v,i,n,g, ,c,o,m,p,l,a,i,n, ,w,h,e,n, ,p,u,n,i,s,h,e,d, ,f,o,r, ,t,h,e,i,r, ,s,i,n,s,?
 ,L,e,t, ,u,s, ,e,x,a,m,i,n,e, ,o,u,r, ,w,a,y,s, ,a,n,d, ,t,e,s,t, ,t,h,e,m,",", ,a,n,d, ,l,e,t, ,u,s, ,r,e,t,u,r,n, ,t,o, ,t,h,e, ,L,O,R,D,.
 ,L,e,t, ,u,s, ,l,i,f,t, ,u,p, ,o,u,r, ,h,e,a,r,t,s, ,a,n,d, ,o,u,r, ,h,a,n,d,s, ,t,o, ,G,o,d, ,i,n, ,h,e,a,v,e,n,",", ,a,n,d, ,s,a,y,:
 ,W,e, ,h,a,v,e, ,s,i,n,n,e,d, ,a,n,d, ,r,e,b,e,l,l,e,d, ,a,n,d, ,y,o,u, ,h,a,v,e, ,n,o,t, ,f,o,r,g,i,v,e,n,.
 ,Y,o,u, ,h,a,v,e, ,c,o,v,e,r,e,d, ,y,o,u,r,s,e,l,f, ,w,i,t,h, ,a,n,g,e,r, ,a,n,d, ,p,u,r,s,u,e,d, ,u,s,;, ,y,o,u, ,h,a,v,e, ,s,l,a,i,n, ,w,i,t,h,o,u,t, ,p,i,t,y,.
 ,Y,o,u, ,h,a,v,e, ,c,o,v,e,r,e,d, ,y,o,u,r,s,e,l,f, ,w,i,t,h, ,a, ,c,l,o,u,d, ,s,o, ,t,h,a,t, ,n,o, ,p,r,a,y,e,r, ,c,a,n, ,g,e,t, ,t,h,r,o,u,g,h,.
 ,Y,o,u, ,h,a,v,e, ,m,a,d,e, ,u,s, ,s,c,u,m, ,a,n,d, ,r,e,f,u,s,e, ,a,m,o,n,g, ,t,h,e, ,n,a,t,i,o,n,s,.
 ,A,l,l, ,o,u,r, ,e,n,e,m,i,e,s, ,h,a,v,e, ,o,p,e,n,e,d, ,t,h,e,i,r, ,m,o,u,t,h,s, ,w,i,d,e, ,a,g,a,i,n,s,t, ,u,s,.
 ,W,e, ,h,a,v,e, ,s,u,f,f,e,r,e,d, ,t,e,r,r,o,r, ,a,n,d, ,p,i,t,f,a,l,l,s,",", ,r,u,i,n, ,a,n,d, ,d,e,s,t,r,u,c,t,i,o,n,.
 ,S,t,r,e,a,m,s, ,o,f, ,t,e,a,r,s, ,f,l,o,w, ,f,r,o,m, ,m,y, ,e,y,e,s, ,b,e,c,a,u,s,e, ,m,y, ,p,e,o,p,l,e, ,a,r,e, ,d,e,s,t,r,o,y,e,d,.
 ,M,y, ,e,y,e,s, ,w,i,l,l, ,f,l,o,w, ,u,n,c,e,a,s,i,n,g,l,y,",", ,w,i,t,h,o,u,t, ,r,e,l,i,e,f,","
 ,u,n,t,i,l, ,t,h,e, ,L,O,R,D, ,l,o,o,k,s, ,d,o,w,n, ,f,r,o,m, ,h,e,a,v,e,n, ,a,n,d, ,s,e,e,s,.
 ,W,h,a,t, ,I, ,s,e,e, ,b,r,i,n,g,s, ,g,r,i,e,f, ,t,o, ,m,y, ,s,o,u,l, ,b,e,c,a,u,s,e, ,o,f, ,a,l,l, ,t,h,e, ,w,o,m,e,n, ,o,f, ,m,y, ,c,i,t,y,.
 ,T,h,o,s,e, ,w,h,o, ,w,e,r,e, ,m,y, ,e,n,e,m,i,e,s, ,w,i,t,h,o,u,t, ,c,a,u,s,e, ,h,u,n,t,e,d, ,m,e, ,l,i,k,e, ,a, ,b,i,r,d,.
 ,T,h,e,y, ,t,r,i,e,d, ,t,o, ,e,n,d, ,m,y, ,l,i,f,e, ,i,n, ,a, ,p,i,t, ,a,n,d, ,t,h,r,e,w, ,s,t,o,n,e,s, ,a,t, ,m,e,;
 ,t,h,e, ,w,a,t,e,r,s, ,c,l,o,s,e,d, ,o,v,e,r, ,m,y, ,h,e,a,d,",", ,a,n,d, ,I, ,t,h,o,u,g,h,t, ,I, ,w,a,s, ,a,b,o,u,t, ,t,o, ,p,e,r,i,s,h,.
 ,I, ,c,a,l,l,e,d, ,o,n, ,y,o,u,r, ,n,a,m,e,",", ,L,O,R,D,",", ,f,r,o,m, ,t,h,e, ,d,e,p,t,h,s, ,o,f, ,t,h,e, ,p,i,t,.
 ,Y,o,u, ,h,e,a,r,d, ,m,y, ,p,l,e,a,:, ,D,o, ,n,o,t, ,c,l,o,s,e, ,y,o,u,r, ,e,a,r,s, ,t,o, ,m,y, ,c,r,y, ,f,o,r, ,r,e,l,i,e,f,.
 ,Y,o,u, ,c,a,m,e, ,n,e,a,r, ,w,h,e,n, ,I, ,c,a,l,l,e,d, ,y,o,u,",", ,a,n,d, ,y,o,u, ,s,a,i,d,",", ,D,o, ,n,o,t, ,f,e,a,r,.
 ,Y,o,u,",", ,L,o,r,d,",", ,t,o,o,k, ,u,p, ,m,y, ,c,a,s,e,;, ,y,o,u, ,r,e,d,e,e,m,e,d, ,m,y, ,l,i,f,e,.
 ,L,O,R,D,",", ,y,o,u, ,h,a,v,e, ,s,e,e,n, ,t,h,e, ,w,r,o,n,g, ,d,o,n,e, ,t,o, ,m,e,., ,U,p,h,o,l,d, ,m,y, ,c,a,u,s,e,!
 ,Y,o,u, ,h,a,v,e, ,s,e,e,n, ,t,h,e, ,d,e,p,t,h, ,o,f, ,t,h,e,i,r, ,v,e,n,g,e,a,n,c,e,",", ,a,l,l, ,t,h,e,i,r, ,p,l,o,t,s, ,a,g,a,i,n,s,t, ,m,e,.
 ,L,O,R,D,",", ,y,o,u, ,h,a,v,e, ,h,e,a,r,d, ,t,h,e,i,r, ,i,n,s,u,l,t,s,",", ,a,l,l, ,t,h,e,i,r, ,p,l,o,t,s, ,a,g,a,i,n,s,t, ,m,e
 ,w,h,a,t, ,m,y, ,e,n,e,m,i,e,s, ,w,h,i,s,p,e,r, ,a,n,d, ,m,u,t,t,e,r, ,a,g,a,i,n,s,t, ,m,e, ,a,l,l, ,d,a,y, ,l,o,n,g,.
 ,A,n,d, ,I, ,w,i,l,l, ,a,s,k, ,t,h,e, ,F,a,t,h,e,r,",", ,a,n,d, ,h,e, ,w,i,l,l, ,g,i,v,e, ,y,o,u, ,a,n,o,t,h,e,r, ,a,d,v,o,c,a,t,e, ,t,o, ,h,e,l,p, ,y,o,u, ,a,n,d, ,b,e, ,w,i,t,h, ,y,o,u, ,f,o,r,e,v,e,r
 ,t,h,e, ,S,p,i,r,i,t, ,o,f, ,t,r,u,t,h,., ,T,h,e, ,w,o,r,l,d, ,c,a,n,n,o,t, ,a,c,c,e,p,t, ,h,i,m,",", ,b,e,c,a,u,s,e, ,i,t, ,n,e,i,t,h,e,r, ,s,e,e,s, ,h,i,m, ,n,o,r, ,k,n,o,w,s, ,h,i,m,., ,B,u,t, ,y,o,u, ,k,n,o,w, ,h,i,m,",", ,f,o,r, ,h,e, ,l,i,v,e,s, ,w,i,t,h, ,y,o,u, ,a,n,d, ,w,i,l,l, ,b,e, ,i,n, ,y,o,u,.
 ,B,u,t, ,t,h,e, ,A,d,v,o,c,a,t,e,",", ,t,h,e, ,H,o,l,y, ,S,p,i,r,i,t,",", ,w,h,o,m, ,t,h,e, ,F,a,t,h,e,r, ,w,i,l,l, ,s,e,n,d, ,i,n, ,m,y, ,n,a,m,e,",", ,w,i,l,l, ,t,e,a,c,h, ,y,o,u, ,a,l,l, ,t,h,i,n,g,s, ,a,n,d, ,w,i,l,l, ,r,e,m,i,n,d, ,y,o,u, ,o,f, ,e,v,e,r,y,t,h,i,n,g, ,I, ,h,a,v,e, ,s,a,i,d, ,t,o, ,y,o,u,.
 ,P,e,a,c,e, ,I, ,l,e,a,v,e, ,w,i,t,h, ,y,o,u,;, ,m,y, ,p,e,a,c,e, ,I, ,g,i,v,e, ,y,o,u,., ,I, ,d,o, ,n,o,t, ,g,i,v,e, ,t,o, ,y,o,u, ,a,s, ,t,h,e, ,w,o,r,l,d, ,g,i,v,e,s,., ,D,o, ,n,o,t, ,l,e,t, ,y,o,u,r, ,h,e,a,r,t,s, ,b,e, ,t,r,o,u,b,l,e,d, ,a,n,d, ,d,o, ,n,o,t, ,b,e, ,a,f,r,a,i,d,.
 ,N,o, ,t,e,m,p,t,a,t,i,o,n, ,h,a,s, ,o,v,e,r,t,a,k,e,n, ,y,o,u, ,e,x,c,e,p,t, ,w,h,a,t, ,i,s, ,c,o,m,m,o,n, ,t,o, ,m,a,n,k,i,n,d,., ,A,n,d, ,G,o,d, ,i,s, ,f,a,i,t,h,f,u,l,;, ,h,e, ,w,i,l,l, ,n,o,t, ,l,e,t, ,y,o,u, ,b,e, ,t,e,m,p,t,e,d, ,b,e,y,o,n,d, ,w,h,a,t, ,y,o,u, ,c,a,n, ,b,e,a,r,., ,B,u,t, ,w,h,e,n, ,y,o,u, ,a,r,e, ,t,e,m,p,t,e,d,",", ,h,e, ,w,i,l,l, ,a,l,s,o, ,p,r,o,v,i,d,e, ,a, ,w,a,y, ,o,u,t, ,s,o, ,t,h,a,t, ,y,o,u, ,c,a,n, ,e,n,d,u,r,e, ,i,t,.
B,u,t, ,t,h,e, ,L,o,r,d, ,i,s, ,f,a,i,t,h,f,u,l,",", ,a,n,d, ,h,e, ,w,i,l,l, ,s,t,r,e,n,g,t,h,e,n, ,y,o,u, ,a,n,d, ,p,r,o,t,e,c,t, ,y,o,u, ,f,r,o,m, ,t,h,e, ,e,v,i,l, ,o,n,e,.
B,e, ,s,t,r,o,n,g, ,a,n,d, ,c,o,u,r,a,g,e,o,u,s,., ,D,o, ,n,o,t, ,b,e, ,a,f,r,a,i,d, ,o,r, ,t,e,r,r,i,f,i,e,d, ,b,e,c,a,u,s,e, ,o,f, ,t,h,e,m,",", ,f,o,r, ,t,h,e, ,L,O,R,D, ,y,o,u,r, ,G,o,d, ,g,o,e,s, ,w,i,t,h, ,y,o,u,;, ,h,e, ,w,i,l,l, ,n,e,v,e,r, ,l,e,a,v,e, ,y,o,u, ,n,o,r, ,f,o,r,s,a,k,e, ,y,o,u,.
 ,S,o, ,d,o, ,n,o,t, ,f,e,a,r,",", ,f,o,r, ,I, ,a,m, ,w,i,t,h, ,y,o,u,;, ,d,o, ,n,o,t, ,b,e, ,d,i,s,m,a,y,e,d,",", ,f,o,r, ,I, ,a,m, ,y,o,u,r, ,G,o,d,., ,I, ,w,i,l,l, ,s,t,r,e,n,g,t,h,e,n, ,y,o,u, ,a,n,d, ,h,e,l,p, ,y,o,u,;, ,I, ,w,i,l,l, ,u,p,h,o,l,d, ,y,o,u, ,w,i,t,h, ,m,y, ,r,i,g,h,t,e,o,u,s, ,r,i,g,h,t, ,h,a,n,d,.
 ,D,i,s,c,r,e,t,i,o,n, ,w,i,l,l, ,p,r,o,t,e,c,t, ,y,o,u,",", ,a,n,d, ,u,n,d,e,r,s,t,a,n,d,i,n,g, ,w,i,l,l, ,g,u,a,r,d, ,y,o,u,.
D,o, ,n,o,t, ,f,o,r,s,a,k,e, ,w,i,s,d,o,m,",", ,a,n,d, ,s,h,e, ,w,i,l,l, ,p,r,o,t,e,c,t, ,y,o,u,;, ,l,o,v,e, ,h,e,r,",", ,a,n,d, ,s,h,e, ,w,i,l,l, ,w,a,t,c,h, ,o,v,e,r, ,y,o,u,.
 ,B,u,t, ,l,e,t, ,a,l,l, ,w,h,o, ,t,a,k,e, ,r,e,f,u,g,e, ,i,n, ,y,o,u, ,b,e, ,g,l,a,d,;, ,l,e,t, ,t,h,e,m, ,e,v,e,r, ,s,i,n,g, ,f,o,r, ,j,o,y,., ,S,p,r,e,a,d, ,y,o,u,r, ,p,r,o,t,e,c,t,i,o,n, ,o,v,e,r, ,t,h,e,m,",", ,t,h,a,t, ,t,h,o,s,e, ,w,h,o, ,l,o,v,e, ,y,o,u,r, ,n,a,m,e, ,m,a,y, ,r,e,j,o,i,c,e, ,i,n, ,y,o,u,.
B,e,c,a,u,s,e, ,t,h,e, ,p,o,o,r, ,a,r,e, ,p,l,u,n,d,e,r,e,d, ,a,n,d, ,t,h,e, ,n,e,e,d,y, ,g,r,o,a,n,",", ,I, ,w,i,l,l, ,n,o,w, ,a,r,i,s,e,",", ,s,a,y,s, ,t,h,e, ,L,O,R,D,., ,I, ,w,i,l,l, ,p,r,o,t,e,c,t, ,t,h,e,m, ,f,r,o,m, ,t,h,o,s,e, ,w,h,o, ,m,a,l,i,g,n, ,t,h,e,m,.
M,a,y, ,t,h,e, ,L,O,R,D, ,a,n,s,w,e,r, ,y,o,u, ,w,h,e,n, ,y,o,u, ,a,r,e, ,i,n, ,d,i,s,t,r,e,s,s,;, ,m,a,y, ,t,h,e, ,n,a,m,e, ,o,f, ,t,h,e, ,G,o,d, ,o,f, ,J,a,c,o,b, ,p,r,o,t,e,c,t, ,y,o,u,.
 ,T,h,e, ,r,i,g,h,t,e,o,u,s, ,p,e,r,s,o,n, ,m,a,y, ,h,a,v,e, ,m,a,n,y, ,t,r,o,u,b,l,e,s,",", ,b,u,t, ,t,h,e, ,L,O,R,D, ,d,e,l,i,v,e,r,s, ,h,i,m, ,f,r,o,m, ,t,h,e,m, ,a,l,l,;
G,o,d, ,i,s, ,o,u,r, ,r,e,f,u,g,e, ,a,n,d, ,s,t,r,e,n,g,t,h,",", ,a,n, ,e,v,e,r,-,p,r,e,s,e,n,t, ,h,e,l,p, ,i,n, ,t,r,o,u,b,l,e,.
H,a,v,e, ,m,e,r,c,y, ,o,n, ,m,e,",", ,m,y, ,G,o,d,",", ,h,a,v,e, ,m,e,r,c,y, ,o,n, ,m,e,",", ,f,o,r, ,i,n, ,y,o,u, ,I, ,t,a,k,e, ,r,e,f,u,g,e,., ,I, ,w,i,l,l, ,t,a,k,e, ,r,e,f,u,g,e, ,i,n, ,t,h,e, ,s,h,a,d,o,w, ,o,f, ,y,o,u,r, ,w,i,n,g,s, ,u,n,t,i,l, ,t,h,e, ,d,i,s,a,s,t,e,r, ,h,a,s, ,p,a,s,s,e,d,.
D,e,l,i,v,e,r, ,m,e, ,f,r,o,m, ,m,y, ,e,n,e,m,i,e,s,",", ,O, ,G,o,d,;, ,b,e, ,m,y, ,f,o,r,t,r,e,s,s, ,a,g,a,i,n,s,t, ,t,h,o,s,e, ,w,h,o, ,a,r,e, ,a,t,t,a,c,k,i,n,g, ,m,e,.
T,h,o,u,g,h, ,I, ,w,a,l,k, ,i,n, ,t,h,e, ,m,i,d,s,t, ,o,f, ,t,r,o,u,b,l,e,",", ,y,o,u, ,p,r,e,s,e,r,v,e, ,m,y, ,l,i,f,e,., ,Y,o,u, ,s,t,r,e,t,c,h, ,o,u,t, ,y,o,u,r, ,h,a,n,d, ,a,g,a,i,n,s,t, ,t,h,e, ,a,n,g,e,r, ,o,f, ,m,y, ,f,o,e,s,;, ,w,i,t,h, ,y,o,u,r, ,r,i,g,h,t, ,h,a,n,d, ,y,o,u, ,s,a,v,e, ,m,e,.
K,e,e,p, ,m,e, ,s,a,f,e,",", ,L,O,R,D,",", ,f,r,o,m, ,t,h,e, ,h,a,n,d,s, ,o,f, ,t,h,e, ,w,i,c,k,e,d,;, ,p,r,o,t,e,c,t, ,m,e, ,f,r,o,m, ,t,h,e, ,v,i,o,l,e,n,t,",", ,w,h,o, ,d,e,v,i,s,e, ,w,a,y,s, ,t,o, ,t,r,i,p, ,m,y, ,f,e,e,t,.
 ,M,a,y, ,G,o,d, ,h,i,m,s,e,l,f,",", ,t,h,e, ,G,o,d, ,o,f, ,p,e,a,c,e,",", ,s,a,n,c,t,i,f,y, ,y,o,u, ,t,h,r,o,u,g,h, ,a,n,d, ,t,h,r,o,u,g,h,., ,M,a,y, ,y,o,u,r, ,w,h,o,l,e, ,s,p,i,r,i,t,",", ,s,o,u,l, ,a,n,d, ,b,o,d,y, ,b,e, ,k,e,p,t, ,b,l,a,m,e,l,e,s,s, ,a,t, ,t,h,e, ,c,o,m,i,n,g, ,o,f, ,o,u,r, ,L,o,r,d, ,J,e,s,u,s, ,C,h,r,i,s,t,.
 ,T,h,e, ,o,n,e, ,w,h,o, ,c,a,l,l,s, ,y,o,u, ,i,s, ,f,a,i,t,h,f,u,l,",", ,a,n,d, ,h,e, ,w,i,l,l, ,d,o, ,i,t,.
W,e, ,a,r,e, ,h,a,r,d, ,p,r,e,s,s,e,d, ,o,n, ,e,v,e,r,y, ,s,i,d,e,",", ,b,u,t, ,n,o,t, ,c,r,u,s,h,e,d,;, ,p,e,r,p,l,e,x,e,d,",", ,b,u,t, ,n,o,t, ,i,n, ,d,e,s,p,a,i,r,;
p,e,r,s,e,c,u,t,e,d,",", ,b,u,t, ,n,o,t, ,a,b,a,n,d,o,n,e,d,;, ,s,t,r,u,c,k, ,d,o,w,n,",", ,b,u,t, ,n,o,t, ,d,e,s,t,r,o,y,e,d,.
m,y, ,G,o,d, ,i,s, ,m,y, ,r,o,c,k,",", ,i,n, ,w,h,o,m, ,I, ,t,a,k,e, ,r,e,f,u,g,e,",", ,m,y, ,s,h,i,e,l,d, ,a,n,d, ,t,h,e, ,h,o,r,n, ,o,f, ,m,y, ,s,a,l,v,a,t,i,o,n,., ,H,e, ,i,s, ,m,y, ,s,t,r,o,n,g,h,o,l,d,",", ,m,y, ,r,e,f,u,g,e, ,a,n,d, ,m,y, ,s,a,v,i,o,r, ,f,r,o,m, ,v,i,o,l,e,n,t, ,p,e,o,p,l,e, ,y,o,u, ,s,a,v,e, ,m,e,.
I, ,c,a,l,l,e,d, ,t,o, ,t,h,e, ,L,O,R,D,",", ,w,h,o, ,i,s, ,w,o,r,t,h,y, ,o,f, ,p,r,a,i,s,e,",", ,a,n,d, ,h,a,v,e, ,b,e,e,n, ,s,a,v,e,d, ,f,r,o,m, ,m,y, ,e,n,e,m,i,e,s,.
 ,I, ,g,i,v,e, ,t,h,e,m, ,e,t,e,r,n,a,l, ,l,i,f,e,",", ,a,n,d, ,t,h,e,y, ,s,h,a,l,l, ,n,e,v,e,r, ,p,e,r,i,s,h,;, ,n,o, ,o,n,e, ,w,i,l,l, ,s,n,a,t,c,h, ,t,h,e,m, ,o,u,t, ,o,f, ,m,y, ,h,a,n,d,.
 ,M,y, ,F,a,t,h,e,r,",", ,w,h,o, ,h,a,s, ,g,i,v,e,n, ,t,h,e,m, ,t,o, ,m,e,",", ,i,s, ,g,r,e,a,t,e,r, ,t,h,a,n, ,a,l,l,;, ,n,o, ,o,n,e, ,c,a,n, ,s,n,a,t,c,h, ,t,h,e,m, ,o,u,t, ,o,f, ,m,y, ,F,a,t,h,e,r,s, ,h,a,n,d,.
 ,I, ,a,n,d, ,t,h,e, ,F,a,t,h,e,r, ,a,r,e, ,o,n,e,.
T,h,e, ,L,O,R,D, ,i,s, ,m,y, ,s,h,e,p,h,e,r,d,",", ,I, ,l,a,c,k, ,n,o,t,h,i,n,g,.
H,e, ,m,a,k,e,s, ,m,e, ,l,i,e, ,d,o,w,n, ,i,n, ,g,r,e,e,n, ,p,a,s,t,u,r,e,s,",", ,h,e, ,l,e,a,d,s, ,m,e, ,b,e,s,i,d,e, ,q,u,i,e,t, ,w,a,t,e,r,s,","
h,e, ,r,e,f,r,e,s,h,e,s, ,m,y, ,s,o,u,l,., ,H,e, ,g,u,i,d,e,s, ,m,e, ,a,l,o,n,g, ,t,h,e, ,r,i,g,h,t, ,p,a,t,h,s, ,f,o,r, ,h,i,s, ,n,a,m,e,s, ,s,a,k,e,.
E,v,e,n, ,t,h,o,u,g,h, ,I, ,w,a,l,k, ,t,h,r,o,u,g,h, ,t,h,e, ,d,a,r,k,e,s,t, ,v,a,l,l,e,y,",",I, ,w,i,l,l, ,f,e,a,r, ,n,o, ,e,v,i,l,",", ,f,o,r, ,y,o,u, ,a,r,e, ,w,i,t,h, ,m,e,;, ,y,o,u,r, ,r,o,d, ,a,n,d, ,y,o,u,r, ,s,t,a,f,f,",", ,t,h,e,y, ,c,o,m,f,o,r,t, ,m,e,.
Y,o,u, ,p,r,e,p,a,r,e, ,a, ,t,a,b,l,e, ,b,e,f,o,r,e, ,m,e, ,i,n, ,t,h,e, ,p,r,e,s,e,n,c,e, ,o,f, ,m,y, ,e,n,e,m,i,e,s,., ,Y,o,u, ,a,n,o,i,n,t, ,m,y, ,h,e,a,d, ,w,i,t,h, ,o,i,l,;, ,m,y, ,c,u,p, ,o,v,e,r,f,l,o,w,s,.
S,u,r,e,l,y, ,y,o,u,r, ,g,o,o,d,n,e,s,s, ,a,n,d, ,l,o,v,e, ,w,i,l,l, ,f,o,l,l,o,w, ,m,e, ,a,l,l, ,t,h,e, ,d,a,y,s, ,o,f, ,m,y, ,l,i,f,e,",", ,a,n,d, ,I, ,w,i,l,l, ,d,w,e,l,l, ,i,n, ,t,h,e, ,h,o,u,s,e, ,o,f, ,t,h,e, ,L,O,R,D, ,f,o,r,e,v,e,r,.
I, ,l,i,f,t, ,u,p, ,m,y, ,e,y,e,s, ,t,o, ,t,h,e, ,m,o,u,n,t,a,i,n,s, ,w,h,e,r,e, ,d,o,e,s, ,m,y, ,h,e,l,p, ,c,o,m,e, ,f,r,o,m,?
M,y, ,h,e,l,p, ,c,o,m,e,s, ,f,r,o,m, ,t,h,e, ,L,O,R,D,",", ,t,h,e, ,M,a,k,e,r, ,o,f, ,h,e,a,v,e,n, ,a,n,d, ,e,a,r,t,h,.
H,e, ,w,i,l,l, ,n,o,t, ,l,e,t, ,y,o,u,r, ,f,o,o,t, ,s,l,i,p, ,h,e, ,w,h,o, ,w,a,t,c,h,e,s, ,o,v,e,r, ,y,o,u, ,w,i,l,l, ,n,o,t, ,s,l,u,m,b,e,r,;
i,n,d,e,e,d,",", ,h,e, ,w,h,o, ,w,a,t,c,h,e,s, ,o,v,e,r, ,I,s,r,a,e,l, ,w,i,l,l, ,n,e,i,t,h,e,r, ,s,l,u,m,b,e,r, ,n,o,r, ,s,l,e,e,p,.
T,h,e, ,L,O,R,D, ,w,a,t,c,h,e,s, ,o,v,e,r, ,y,o,u, ,t,h,e, ,L,O,R,D, ,i,s, ,y,o,u,r, ,s,h,a,d,e, ,a,t, ,y,o,u,r, ,r,i,g,h,t, ,h,a,n,d,;
t,h,e, ,s,u,n, ,w,i,l,l, ,n,o,t, ,h,a,r,m, ,y,o,u, ,b,y, ,d,a,y,",", ,n,o,r, ,t,h,e, ,m,o,o,n, ,b,y, ,n,i,g,h,t,.
T,h,e, ,L,O,R,D, ,w,i,l,l, ,k,e,e,p, ,y,o,u, ,f,r,o,m, ,a,l,l, ,h,a,r,m, ,h,e, ,w,i,l,l, ,w,a,t,c,h, ,o,v,e,r, ,y,o,u,r, ,l,i,f,e,;
t,h,e, ,L,O,R,D, ,w,i,l,l, ,w,a,t,c,h, ,o,v,e,r, ,y,o,u,r, ,c,o,m,i,n,g, ,a,n,d, ,g,o,i,n,g, ,b,o,t,h, ,n,o,w, ,a,n,d, ,f,o,r,e,v,e,r,m,o,r,e,.
W,h,o,e,v,e,r, ,d,w,e,l,l,s, ,i,n, ,t,h,e, ,s,h,e,l,t,e,r, ,o,f, ,t,h,e, ,M,o,s,t, ,H,i,g,h, ,w,i,l,l, ,r,e,s,t, ,i,n, ,t,h,e, ,s,h,a,d,o,w, ,o,f, ,t,h,e, ,A,l,m,i,g,h,t,y,.
I, ,w,i,l,l, ,s,a,y, ,o,f, ,t,h,e, ,L,O,R,D,",", ,H,e, ,i,s, ,m,y, ,r,e,f,u,g,e, ,a,n,d, ,m,y, ,f,o,r,t,r,e,s,s,",", ,m,y, ,G,o,d,",", ,i,n, ,w,h,o,m, ,I, ,t,r,u,s,t,.
S,u,r,e,l,y, ,h,e, ,w,i,l,l, ,s,a,v,e, ,y,o,u, ,f,r,o,m, ,t,h,e, ,f,o,w,l,e,r,s, ,s,n,a,r,e, ,a,n,d, ,f,r,o,m, ,t,h,e, ,d,e,a,d,l,y, ,p,e,s,t,i,l,e,n,c,e,.
H,e, ,w,i,l,l, ,c,o,v,e,r, ,y,o,u, ,w,i,t,h, ,h,i,s, ,f,e,a,t,h,e,r,s,",", ,a,n,d, ,u,n,d,e,r, ,h,i,s, ,w,i,n,g,s, ,y,o,u, ,w,i,l,l, ,f,i,n,d, ,r,e,f,u,g,e,;, ,h,i,s, ,f,a,i,t,h,f,u,l,n,e,s,s, ,w,i,l,l, ,b,e, ,y,o,u,r, ,s,h,i,e,l,d, ,a,n,d, ,r,a,m,p,a,r,t,.
Y,o,u, ,w,i,l,l, ,n,o,t, ,f,e,a,r, ,t,h,e, ,t,e,r,r,o,r, ,o,f, ,n,i,g,h,t,",", ,n,o,r, ,t,h,e, ,a,r,r,o,w, ,t,h,a,t, ,f,l,i,e,s, ,b,y, ,d,a,y,","
n,o,r, ,t,h,e, ,p,e,s,t,i,l,e,n,c,e, ,t,h,a,t, ,s,t,a,l,k,s, ,i,n, ,t,h,e, ,d,a,r,k,n,e,s,s,",", ,n,o,r, ,t,h,e, ,p,l,a,g,u,e, ,t,h,a,t, ,d,e,s,t,r,o,y,s, ,a,t, ,m,i,d,d,a,y,.
A, ,t,h,o,u,s,a,n,d, ,m,a,y, ,f,a,l,l, ,a,t, ,y,o,u,r, ,s,i,d,e,",", ,t,e,n, ,t,h,o,u,s,a,n,d, ,a,t, ,y,o,u,r, ,r,i,g,h,t, ,h,a,n,d,",", ,b,u,t, ,i,t, ,w,i,l,l, ,n,o,t, ,c,o,m,e, ,n,e,a,r, ,y,o,u,.
Y,o,u, ,w,i,l,l, ,o,n,l,y, ,o,b,s,e,r,v,e, ,w,i,t,h, ,y,o,u,r, ,e,y,e,s, ,a,n,d, ,s,e,e, ,t,h,e, ,p,u,n,i,s,h,m,e,n,t, ,o,f, ,t,h,e, ,w,i,c,k,e,d,.
I,f, ,y,o,u, ,s,a,y,",", ,T,h,e, ,L,O,R,D, ,i,s, ,m,y, ,r,e,f,u,g,e,",", ,a,n,d, ,y,o,u, ,m,a,k,e, ,t,h,e, ,M,o,s,t, ,H,i,g,h, ,y,o,u,r, ,d,w,e,l,l,i,n,g,","
 ,n,o, ,h,a,r,m, ,w,i,l,l, ,o,v,e,r,t,a,k,e, ,y,o,u,",", ,n,o, ,d,i,s,a,s,t,e,r, ,w,i,l,l, ,c,o,m,e, ,n,e,a,r, ,y,o,u,r, ,t,e,n,t,.
 ,F,o,r, ,h,e, ,w,i,l,l, ,c,o,m,m,a,n,d, ,h,i,s, ,a,n,g,e,l,s, ,c,o,n,c,e,r,n,i,n,g, ,y,o,u, ,t,o, ,g,u,a,r,d, ,y,o,u, ,i,n, ,a,l,l, ,y,o,u,r, ,w,a,y,s,;
 ,t,h,e,y, ,w,i,l,l, ,l,i,f,t, ,y,o,u, ,u,p, ,i,n, ,t,h,e,i,r, ,h,a,n,d,s,",", ,s,o, ,t,h,a,t, ,y,o,u, ,w,i,l,l, ,n,o,t, ,s,t,r,i,k,e, ,y,o,u,r, ,f,o,o,t, ,a,g,a,i,n,s,t, ,a, ,s,t,o,n,e,.
 ,Y,o,u, ,w,i,l,l, ,t,r,e,a,d, ,o,n, ,t,h,e, ,l,i,o,n, ,a,n,d, ,t,h,e, ,c,o,b,r,a,;, ,y,o,u, ,w,i,l,l, ,t,r,a,m,p,l,e, ,t,h,e, ,g,r,e,a,t, ,l,i,o,n, ,a,n,d, ,t,h,e, ,s,e,r,p,e,n,t,.
 ,B,e,c,a,u,s,e, ,h,e, ,l,o,v,e,s, ,m,e,",", ,s,a,y,s, ,t,h,e, ,L,O,R,D,",", ,I, ,w,i,l,l, ,r,e,s,c,u,e, ,h,i,m,;, ,I, ,w,i,l,l, ,p,r,o,t,e,c,t, ,h,i,m,",", ,f,o,r, ,h,e, ,a,c,k,n,o,w,l,e,d,g,e,s, ,m,y, ,n,a,m,e,.
 ,H,e, ,w,i,l,l, ,c,a,l,l, ,o,n, ,m,e,",", ,a,n,d, ,I, ,w,i,l,l, ,a,n,s,w,e,r, ,h,i,m,;, ,I, ,w,i,l,l, ,b,e, ,w,i,t,h, ,h,i,m, ,i,n, ,t,r,o,u,b,l,e,",", ,I, ,w,i,l,l, ,d,e,l,i,v,e,r, ,h,i,m, ,a,n,d, ,h,o,n,o,r, ,h,i,m,.
 ,W,i,t,h, ,l,o,n,g, ,l,i,f,e, ,I, ,w,i,l,l, ,s,a,t,i,s,f,y, ,h,i,m, ,a,n,d, ,s,h,o,w, ,h,i,m, ,m,y, ,s,a,l,v,a,t,i,o,n,.
 ,B,e,a,r, ,w,i,t,h, ,e,a,c,h, ,o,t,h,e,r, ,a,n,d, ,f,o,r,g,i,v,e, ,o,n,e, ,a,n,o,t,h,e,r, ,i,f, ,a,n,y, ,o,f, ,y,o,u, ,h,a,s, ,a, ,g,r,i,e,v,a,n,c,e, ,a,g,a,i,n,s,t, ,s,o,m,e,o,n,e,., ,F,o,r,g,i,v,e, ,a,s, ,t,h,e, ,L,o,r,d, ,f,o,r,g,a,v,e, ,y,o,u,.
 ,F,o,r, ,i,f, ,y,o,u, ,f,o,r,g,i,v,e, ,o,t,h,e,r, ,p,e,o,p,l,e, ,w,h,e,n, ,t,h,e,y, ,s,i,n, ,a,g,a,i,n,s,t, ,y,o,u,",", ,y,o,u,r, ,h,e,a,v,e,n,l,y, ,F,a,t,h,e,r, ,w,i,l,l, ,a,l,s,o, ,f,o,r,g,i,v,e, ,y,o,u,.
 ,B,u,t, ,i,f, ,y,o,u, ,d,o, ,n,o,t, ,f,o,r,g,i,v,e, ,o,t,h,e,r,s, ,t,h,e,i,r, ,s,i,n,s,",", ,y,o,u,r, ,F,a,t,h,e,r, ,w,i,l,l, ,n,o,t, ,f,o,r,g,i,v,e, ,y,o,u,r, ,s,i,n,s,.
S,o, ,w,a,t,c,h, ,y,o,u,r,s,e,l,v,e,s,., ,I,f, ,y,o,u,r, ,b,r,o,t,h,e,r, ,o,r, ,s,i,s,t,e,r,s,i,n,s, ,a,g,a,i,n,s,t, ,y,o,u,",", ,r,e,b,u,k,e, ,t,h,e,m,;, ,a,n,d, ,i,f, ,t,h,e,y, ,r,e,p,e,n,t,",", ,f,o,r,g,i,v,e, ,t,h,e,m,.
E,v,e,n, ,i,f, ,t,h,e,y, ,s,i,n, ,a,g,a,i,n,s,t, ,y,o,u, ,s,e,v,e,n, ,t,i,m,e,s, ,i,n, ,a, ,d,a,y, ,a,n,d, ,s,e,v,e,n, ,t,i,m,e,s, ,c,o,m,e, ,b,a,c,k, ,t,o, ,y,o,u, ,s,a,y,i,n,g, ,I, ,r,e,p,e,n,t,",", ,y,o,u, ,m,u,s,t, ,f,o,r,g,i,v,e, ,t,h,e,m,.
 ,G,e,t, ,r,i,d, ,o,f, ,a,l,l, ,b,i,t,t,e,r,n,e,s,s,",", ,r,a,g,e, ,a,n,d, ,a,n,g,e,r,",", ,b,r,a,w,l,i,n,g, ,a,n,d, ,s,l,a,n,d,e,r,",", ,a,l,o,n,g, ,w,i,t,h, ,e,v,e,r,y, ,f,o,r,m, ,o,f, ,m,a,l,i,c,e,.
 ,B,e, ,k,i,n,d, ,a,n,d, ,c,o,m,p,a,s,s,i,o,n,a,t,e, ,t,o, ,o,n,e, ,a,n,o,t,h,e,r,",", ,f,o,r,g,i,v,i,n,g, ,e,a,c,h, ,o,t,h,e,r,",", ,j,u,s,t, ,a,s, ,i,n, ,C,h,r,i,s,t, ,G,o,d, ,f,o,r,g,a,v,e, ,y,o,u,.
I,f, ,w,e, ,c,o,n,f,e,s,s, ,o,u,r, ,s,i,n,s,",", ,h,e, ,i,s, ,f,a,i,t,h,f,u,l, ,a,n,d, ,j,u,s,t, ,a,n,d, ,w,i,l,l, ,f,o,r,g,i,v,e, ,u,s, ,o,u,r, ,s,i,n,s, ,a,n,d, ,p,u,r,i,f,y, ,u,s, ,f,r,o,m, ,a,l,l, ,u,n,r,i,g,h,t,e,o,u,s,n,e,s,s,.
 ,I,",", ,e,v,e,n, ,I,",", ,a,m, ,h,e, ,w,h,o, ,b,l,o,t,s, ,o,u,t, ,y,o,u,r, ,t,r,a,n,s,g,r,e,s,s,i,o,n,s,",", ,f,o,r, ,m,y, ,o,w,n, ,s,a,k,e,",", ,a,n,d, ,r,e,m,e,m,b,e,r,s, ,y,o,u,r, ,s,i,n,s, ,n,o, ,m,o,r,e,.
 ,R,e,v,i,e,w, ,t,h,e, ,p,a,s,t, ,f,o,r, ,m,e,",", ,l,e,t, ,u,s, ,a,r,g,u,e, ,t,h,e, ,m,a,t,t,e,r, ,t,o,g,e,t,h,e,r,;, ,s,t,a,t,e, ,t,h,e, ,c,a,s,e, ,f,o,r, ,y,o,u,r, ,i,n,n,o,c,e,n,c,e,.
 ,R,e,p,e,n,t,",", ,t,h,e,n,",", ,a,n,d, ,t,u,r,n, ,t,o, ,G,o,d,",", ,s,o, ,t,h,a,t, ,y,o,u,r, ,s,i,n,s, ,m,a,y, ,b,e, ,w,i,p,e,d, ,o,u,t,",", ,t,h,a,t, ,t,i,m,e,s, ,o,f, ,r,e,f,r,e,s,h,i,n,g, ,m,a,y, ,c,o,m,e, ,f,r,o,m, ,t,h,e, ,L,o,r,d,","
 ,C,o,m,e, ,n,o,w,",", ,l,e,t, ,u,s, ,s,e,t,t,l,e, ,t,h,e, ,m,a,t,t,e,r,",", ,s,a,y,s, ,t,h,e, ,L,O,R,D,., ,T,h,o,u,g,h, ,y,o,u,r, ,s,i,n,s, ,a,r,e, ,l,i,k,e, ,s,c,a,r,l,e,t,",", ,t,h,e,y, ,s,h,a,l,l, ,b,e, ,a,s, ,w,h,i,t,e, ,a,s, ,s,n,o,w,;, ,t,h,o,u,g,h, ,t,h,e,y, ,a,r,e, ,r,e,d, ,a,s, ,c,r,i,m,s,o,n,",", ,t,h,e,y, ,s,h,a,l,l, ,b,e, ,l,i,k,e, ,w,o,o,l,.
 ,T,h,e,r,e,f,o,r,e,",", ,i,f, ,a,n,y,o,n,e, ,i,s, ,i,n, ,C,h,r,i,s,t,",", ,t,h,e, ,n,e,w, ,c,r,e,a,t,i,o,n, ,h,a,s, ,c,o,m,e,:, ,T,h,e, ,o,l,d, ,h,a,s, ,g,o,n,e,",", ,t,h,e, ,n,e,w, ,i,s, ,h,e,r,e,!
I,n, ,h,i,m, ,w,e, ,h,a,v,e, ,r,e,d,e,m,p,t,i,o,n, ,t,h,r,o,u,g,h, ,h,i,s, ,b,l,o,o,d,",", ,t,h,e, ,f,o,r,g,i,v,e,n,e,s,s, ,o,f, ,s,i,n,s,",", ,i,n, ,a,c,c,o,r,d,a,n,c,e, ,w,i,t,h, ,t,h,e, ,r,i,c,h,e,s, ,o,f, ,G,o,d,s, ,g,r,a,c,e
 ,T,h,e,n, ,h,e, ,a,d,d,s,:, ,T,h,e,i,r, ,s,i,n,s, ,a,n,d, ,l,a,w,l,e,s,s, ,a,c,t,s, ,I, ,w,i,l,l, ,r,e,m,e,m,b,e,r, ,n,o, ,m,o,r,e,.
T,h,e, ,L,o,r,d, ,o,u,r, ,G,o,d, ,i,s, ,m,e,r,c,i,f,u,l, ,a,n,d, ,f,o,r,g,i,v,i,n,g,",", ,e,v,e,n, ,t,h,o,u,g,h, ,w,e, ,h,a,v,e, ,r,e,b,e,l,l,e,d, ,a,g,a,i,n,s,t, ,h,i,m,;
 ,F,o,r, ,h,e, ,h,a,s, ,r,e,s,c,u,e,d, ,u,s, ,f,r,o,m, ,t,h,e, ,d,o,m,i,n,i,o,n, ,o,f, ,d,a,r,k,n,e,s,s, ,a,n,d, ,b,r,o,u,g,h,t, ,u,s, ,i,n,t,o, ,t,h,e, ,k,i,n,g,d,o,m, ,o,f, ,t,h,e, ,S,o,n, ,h,e, ,l,o,v,e,s,","
 ,i,n, ,w,h,o,m, ,w,e, ,h,a,v,e, ,r,e,d,e,m,p,t,i,o,n,",", ,t,h,e, ,f,o,r,g,i,v,e,n,e,s,s, ,o,f, ,s,i,n,s,.
 ,a,s, ,f,a,r, ,a,s, ,t,h,e, ,e,a,s,t, ,i,s, ,f,r,o,m, ,t,h,e, ,w,e,s,t,",", ,s,o, ,f,a,r, ,h,a,s, ,h,e, ,r,e,m,o,v,e,d, ,o,u,r, ,t,r,a,n,s,g,r,e,s,s,i,o,n,s, ,f,r,o,m, ,u,s,.
 ,I,n, ,a,c,c,o,r,d,a,n,c,e, ,w,i,t,h, ,y,o,u,r, ,g,r,e,a,t, ,l,o,v,e,",", ,f,o,r,g,i,v,e, ,t,h,e, ,s,i,n, ,o,f, ,t,h,e,s,e, ,p,e,o,p,l,e,",", ,j,u,s,t, ,a,s, ,y,o,u, ,h,a,v,e, ,p,a,r,d,o,n,e,d, ,t,h,e,m, ,f,r,o,m, ,t,h,e, ,t,i,m,e, ,t,h,e,y, ,l,e,f,t, ,E,g,y,p,t, ,u,n,t,i,l, ,n,o,w,.
 ,T,h,e, ,L,O,R,D, ,r,e,p,l,i,e,d,",", ,I, ,h,a,v,e, ,f,o,r,g,i,v,e,n, ,t,h,e,m,",", ,a,s, ,y,o,u, ,a,s,k,e,d,.
 ,N,e,v,e,r,t,h,e,l,e,s,s,",", ,a,s, ,s,u,r,e,l,y, ,a,s, ,I, ,l,i,v,e, ,a,n,d, ,a,s, ,s,u,r,e,l,y, ,a,s, ,t,h,e, ,g,l,o,r,y, ,o,f, ,t,h,e, ,L,O,R,D, ,f,i,l,l,s, ,t,h,e, ,w,h,o,l,e, ,e,a,r,t,h,","
 ,W,h,o, ,i,s, ,a, ,G,o,d, ,l,i,k,e, ,y,o,u,",", ,w,h,o, ,p,a,r,d,o,n,s, ,s,i,n, ,a,n,d, ,f,o,r,g,i,v,e,s, ,t,h,e, ,t,r,a,n,s,g,r,e,s,s,i,o,n, ,o,f, ,t,h,e, ,r,e,m,n,a,n,t, ,o,f, ,h,i,s, ,i,n,h,e,r,i,t,a,n,c,e,?, ,Y,o,u, ,d,o, ,n,o,t, ,s,t,a,y, ,a,n,g,r,y, ,f,o,r,e,v,e,r, ,b,u,t, ,d,e,l,i,g,h,t, ,t,o, ,s,h,o,w, ,m,e,r,c,y,.
 ,Y,o,u, ,w,i,l,l, ,a,g,a,i,n, ,h,a,v,e, ,c,o,m,p,a,s,s,i,o,n, ,o,n, ,u,s,;, ,y,o,u, ,w,i,l,l, ,t,r,e,a,d, ,o,u,r, ,s,i,n,s, ,u,n,d,e,r,f,o,o,t, ,a,n,d, ,h,u,r,l, ,a,l,l, ,o,u,r, ,i,n,i,q,u,i,t,i,e,s, ,i,n,t,o, ,t,h,e, ,d,e,p,t,h,s, ,o,f, ,t,h,e, ,s,e,a,.
T,h,i,s,",", ,t,h,e,n,",", ,i,s, ,h,o,w, ,y,o,u, ,s,h,o,u,l,d, ,p,r,a,y,:, , ,O,u,r, ,F,a,t,h,e,r, ,i,n, ,h,e,a,v,e,n,",", ,h,a,l,l,o,w,e,d, ,b,e, ,y,o,u,r, ,n,a,m,e,","
 ,y,o,u,r, ,k,i,n,g,d,o,m, ,c,o,m,e,",", ,y,o,u,r, ,w,i,l,l, ,b,e, ,d,o,n,e,",", ,o,n, ,e,a,r,t,h, ,a,s, ,i,t, ,i,s, ,i,n, ,h,e,a,v,e,n,.
 ,G,i,v,e, ,u,s, ,t,o,d,a,y, ,o,u,r, ,d,a,i,l,y, ,b,r,e,a,d,.
 ,A,n,d, ,f,o,r,g,i,v,e, ,u,s, ,o,u,r, ,d,e,b,t,s,",", ,a,s, ,w,e, ,a,l,s,o, ,h,a,v,e, ,f,o,r,g,i,v,e,n, ,o,u,r, ,d,e,b,t,o,r,s,.
 ,A,n,d, ,l,e,a,d, ,u,s, ,n,o,t, ,i,n,t,o, ,t,e,m,p,t,a,t,i,o,n,",",b,u,t, ,d,e,l,i,v,e,r, ,u,s, ,f,r,o,m, ,t,h,e, ,e,v,i,l, ,o,n,e,.
 ,F,o,r, ,i,f, ,y,o,u, ,f,o,r,g,i,v,e, ,o,t,h,e,r, ,p,e,o,p,l,e, ,w,h,e,n, ,t,h,e,y, ,s,i,n, ,a,g,a,i,n,s,t, ,y,o,u,",", ,y,o,u,r, ,h,e,a,v,e,n,l,y, ,F,a,t,h,e,r, ,w,i,l,l, ,a,l,s,o, ,f,o,r,g,i,v,e, ,y,o,u,.
 ,B,u,t, ,i,f, ,y,o,u, ,d,o, ,n,o,t, ,f,o,r,g,i,v,e, ,o,t,h,e,r,s, ,t,h,e,i,r, ,s,i,n,s,",", ,y,o,u,r, ,F,a,t,h,e,r, ,w,i,l,l, ,n,o,t, ,f,o,r,g,i,v,e, ,y,o,u,r, ,s,i,n,s,.
 ,A,n,d, ,w,h,e,n, ,y,o,u, ,s,t,a,n,d, ,p,r,a,y,i,n,g,",", ,i,f, ,y,o,u, ,h,o,l,d, ,a,n,y,t,h,i,n,g, ,a,g,a,i,n,s,t, ,a,n,y,o,n,e,",", ,f,o,r,g,i,v,e, ,t,h,e,m,",", ,s,o, ,t,h,a,t, ,y,o,u,r, ,F,a,t,h,e,r, ,i,n, ,h,e,a,v,e,n, ,m,a,y, ,f,o,r,g,i,v,e, ,y,o,u, ,y,o,u,r, ,s,i,n,s,.
 ,T,h,i,s, ,i,s, ,m,y, ,b,l,o,o,d, ,o,f, ,t,h,e,c,o,v,e,n,a,n,t,",", ,w,h,i,c,h, ,i,s, ,p,o,u,r,e,d, ,o,u,t, ,f,o,r, ,m,a,n,y, ,f,o,r, ,t,h,e, ,f,o,r,g,i,v,e,n,e,s,s, ,o,f, ,s,i,n,s,.
 ,I, ,c,a,n, ,d,o, ,a,l,l, ,t,h,i,s, ,t,h,r,o,u,g,h, ,h,i,m, ,w,h,o, ,g,i,v,e,s, ,m,e, ,s,t,r,e,n,g,t,h,.
 ,H,e, ,g,i,v,e,s, ,s,t,r,e,n,g,t,h, ,t,o, ,t,h,e, ,w,e,a,r,y, ,a,n,d, ,i,n,c,r,e,a,s,e,s, ,t,h,e, ,p,o,w,e,r, ,o,f, ,t,h,e, ,w,e,a,k,.
 ,M,y, ,s,o,u,l, ,i,s, ,w,e,a,r,y, ,w,i,t,h, ,s,o,r,r,o,w,;, ,s,t,r,e,n,g,t,h,e,n, ,m,e, ,a,c,c,o,r,d,i,n,g, ,t,o, ,y,o,u,r, ,w,o,r,d,.
 ,F,i,n,a,l,l,y,",", ,b,e, ,s,t,r,o,n,g, ,i,n, ,t,h,e, ,L,o,r,d, ,a,n,d, ,i,n, ,h,i,s, ,m,i,g,h,t,y, ,p,o,w,e,r,.
 ,b,u,t, ,t,h,o,s,e, ,w,h,o, ,h,o,p,e, ,i,n, ,t,h,e, ,L,O,R,D, ,w,i,l,l, ,r,e,n,e,w, ,t,h,e,i,r, ,s,t,r,e,n,g,t,h,., ,T,h,e,y, ,w,i,l,l, ,s,o,a,r, ,o,n, ,w,i,n,g,s, ,l,i,k,e, ,e,a,g,l,e,s,;, ,t,h,e,y, ,w,i,l,l, ,r,u,n, ,a,n,d, ,n,o,t, ,g,r,o,w, ,w,e,a,r,y,",", ,t,h,e,y, ,w,i,l,l, ,w,a,l,k, ,a,n,d, ,n,o,t, ,b,e, ,f,a,i,n,t,.
 ,L,o,v,e, ,t,h,e, ,L,o,r,d, ,y,o,u,r, ,G,o,d, ,w,i,t,h, ,a,l,l, ,y,o,u,r, ,h,e,a,r,t, ,a,n,d, ,w,i,t,h, ,a,l,l, ,y,o,u,r, ,s,o,u,l, ,a,n,d, ,w,i,t,h, ,a,l,l, ,y,o,u,r, ,m,i,n,d, ,a,n,d, ,w,i,t,h, ,a,l,l, ,y,o,u,r, ,s,t,r,e,n,g,t,h,.
B,u,t, ,h,e, ,s,a,i,d, ,t,o, ,m,e,",", ,M,y, ,g,r,a,c,e, ,i,s, ,s,u,f,f,i,c,i,e,n,t, ,f,o,r, ,y,o,u,",", ,f,o,r, ,m,y, ,p,o,w,e,r, ,i,s, ,m,a,d,e, ,p,e,r,f,e,c,t, ,i,n, ,w,e,a,k,n,e,s,s,., ,T,h,e,r,e,f,o,r,e, ,I, ,w,i,l,l, ,b,o,a,s,t, ,a,l,l, ,t,h,e, ,m,o,r,e, ,g,l,a,d,l,y, ,a,b,o,u,t, ,m,y, ,w,e,a,k,n,e,s,s,e,s,",", ,s,o, ,t,h,a,t, ,C,h,r,i,s,t,s, ,p,o,w,e,r, ,m,a,y, ,r,e,s,t, ,o,n, ,m,e,.
 ,T,h,a,t, ,i,s, ,w,h,y,",", ,f,o,r, ,C,h,r,i,s,t,s, ,s,a,k,e,",", ,I, ,d,e,l,i,g,h,t, ,i,n, ,w,e,a,k,n,e,s,s,e,s,",", ,i,n, ,i,n,s,u,l,t,s,",", ,i,n, ,h,a,r,d,s,h,i,p,s,",", ,i,n, ,p,e,r,s,e,c,u,t,i,o,n,s,",", ,i,n, ,d,i,f,f,i,c,u,l,t,i,e,s,., ,F,o,r, ,w,h,e,n, ,I, ,a,m, ,w,e,a,k,",", ,t,h,e,n, ,I, ,a,m, ,s,t,r,o,n,g,.
G,o,d, ,i,s, ,o,u,r, ,r,e,f,u,g,e, ,a,n,d, ,s,t,r,e,n,g,t,h,",", ,a,n, ,e,v,e,r,-,p,r,e,s,e,n,t, ,h,e,l,p, ,i,n, ,t,r,o,u,b,l,e,.
 ,N,e,h,e,m,i,a,h, ,s,a,i,d,",", ,G,o, ,a,n,d, ,e,n,j,o,y, ,c,h,o,i,c,e, ,f,o,o,d, ,a,n,d, ,s,w,e,e,t, ,d,r,i,n,k,s,",", ,a,n,d, ,s,e,n,d, ,s,o,m,e, ,t,o, ,t,h,o,s,e, ,w,h,o, ,h,a,v,e, ,n,o,t,h,i,n,g, ,p,r,e,p,a,r,e,d,., ,T,h,i,s, ,d,a,y, ,i,s, ,h,o,l,y, ,t,o, ,o,u,r, ,L,o,r,d,., ,D,o, ,n,o,t, ,g,r,i,e,v,e,",", ,f,o,r, ,t,h,e, ,j,o,y, ,o,f, ,t,h,e, ,L,O,R,D, ,i,s, ,y,o,u,r, ,s,t,r,e,n,g,t,h,.
 ,B,u,t, ,y,o,u,",", ,L,O,R,D,",", ,d,o, ,n,o,t, ,b,e, ,f,a,r, ,f,r,o,m, ,m,e,., ,Y,o,u, ,a,r,e, ,m,y, ,s,t,r,e,n,g,t,h,;, ,c,o,m,e, ,q,u,i,c,k,l,y, ,t,o, ,h,e,l,p, ,m,e,.
T,h,e, ,L,O,R,D, ,i,s, ,m,y, ,s,t,r,e,n,g,t,h, ,a,n,d, ,m,y, ,s,h,i,e,l,d,;, ,m,y, ,h,e,a,r,t, ,t,r,u,s,t,s, ,i,n, ,h,i,m,",", ,a,n,d, ,h,e, ,h,e,l,p,s, ,m,e,., ,M,y, ,h,e,a,r,t, ,l,e,a,p,s, ,f,o,r, ,j,o,y,",", ,a,n,d, ,w,i,t,h, ,m,y, ,s,o,n,g, ,I, ,p,r,a,i,s,e, ,h,i,m,.
T,h,e, ,L,O,R,D, ,i,s, ,t,h,e, ,s,t,r,e,n,g,t,h, ,o,f, ,h,i,s, ,p,e,o,p,l,e,",", ,a, ,f,o,r,t,r,e,s,s, ,o,f, ,s,a,l,v,a,t,i,o,n, ,f,o,r, ,h,i,s, ,a,n,o,i,n,t,e,d, ,o,n,e,.
 ,T,h,e, ,L,O,R,D, ,i,s, ,m,y, ,s,t,r,e,n,g,t,h, ,a,n,d, ,m,y, ,d,e,f,e,n,s,e, ,;, ,h,e, ,h,a,s, ,b,e,c,o,m,e, ,m,y, ,s,a,l,v,a,t,i,o,n,.
S,u,r,e,l,y, ,G,o,d, ,i,s, ,m,y, ,s,a,l,v,a,t,i,o,n,;, ,I, ,w,i,l,l, ,t,r,u,s,t, ,a,n,d, ,n,o,t, ,b,e, ,a,f,r,a,i,d,., ,T,h,e, ,L,O,R,D,",", ,t,h,e, ,L,O,R,D, ,h,i,m,s,e,l,f,",", ,i,s, ,m,y, ,s,t,r,e,n,g,t,h, ,a,n,d, ,m,y, ,d,e,f,e,n,s,e, ,;, ,h,e, ,h,a,s, ,b,e,c,o,m,e, ,m,y, ,s,a,l,v,a,t,i,o,n,.
L,O,R,D,",", ,b,e, ,g,r,a,c,i,o,u,s, ,t,o, ,u,s,;, ,w,e, ,l,o,n,g, ,f,o,r, ,y,o,u,., ,B,e, ,o,u,r, ,s,t,r,e,n,g,t,h, ,e,v,e,r,y, ,m,o,r,n,i,n,g,",", ,o,u,r, ,s,a,l,v,a,t,i,o,n, ,i,n, ,t,i,m,e, ,o,f, ,d,i,s,t,r,e,s,s,.
 ,H,e, ,g,i,v,e,s, ,s,t,r,e,n,g,t,h, ,t,o, ,t,h,e, ,w,e,a,r,y, ,a,n,d, ,i,n,c,r,e,a,s,e,s, ,t,h,e, ,p,o,w,e,r, ,o,f, ,t,h,e, ,w,e,a,k,.
 ,E,v,e,n, ,y,o,u,t,h,s, ,g,r,o,w, ,t,i,r,e,d, ,a,n,d, ,w,e,a,r,y,",", ,a,n,d, ,y,o,u,n,g, ,m,e,n, ,s,t,u,m,b,l,e, ,a,n,d, ,f,a,l,l,;
 ,b,u,t, ,t,h,o,s,e, ,w,h,o, ,h,o,p,e, ,i,n, ,t,h,e, ,L,O,R,D, ,w,i,l,l, ,r,e,n,e,w, ,t,h,e,i,r, ,s,t,r,e,n,g,t,h,., ,T,h,e,y, ,w,i,l,l, ,s,o,a,r, ,o,n, ,w,i,n,g,s, ,l,i,k,e, ,e,a,g,l,e,s,;, ,t,h,e,y, ,w,i,l,l, ,r,u,n, ,a,n,d, ,n,o,t, ,g,r,o,w, ,w,e,a,r,y,",", ,t,h,e,y, ,w,i,l,l, ,w,a,l,k, ,a,n,d, ,n,o,t, ,b,e, ,f,a,i,n,t,.
 ,T,h,e, ,S,o,v,e,r,e,i,g,n, ,L,O,R,D, ,i,s, ,m,y, ,s,t,r,e,n,g,t,h,;, ,h,e, ,m,a,k,e,s, ,m,y, ,f,e,e,t, ,l,i,k,e, ,t,h,e, ,f,e,e,t, ,o,f, ,a, ,d,e,e,r,",", ,h,e, ,e,n,a,b,l,e,s, ,m,e, ,t,o, ,t,r,e,a,d, ,o,n, ,t,h,e, ,h,e,i,g,h,t,s,.
 ,I, ,p,r,a,y, ,t,h,a,t, ,o,u,t, ,o,f, ,h,i,s, ,g,l,o,r,i,o,u,s, ,r,i,c,h,e,s, ,h,e, ,m,a,y, ,s,t,r,e,n,g,t,h,e,n, ,y,o,u, ,w,i,t,h, ,p,o,w,e,r, ,t,h,r,o,u,g,h, ,h,i,s, ,S,p,i,r,i,t, ,i,n, ,y,o,u,r, ,i,n,n,e,r, ,b,e,i,n,g,","
